logged_date,gamePk,game_date,team_name,pitcher_id,pitcher_name,is_home,pred_prob_1st,model_1st,baseline_prob_1st,pred_runs_1to3,model_1to3,baseline_runs_1to3,pred_runs_1to5,model_1to5,baseline_runs_1to5,actual_scoreless_1st,actual_runs_1to3,actual_runs_1to5,evaluated
2026-07-02,824093,2026-07-02,Kansas City Royals,663568,Stephen Kolek,1,0.664328844115117,Regresion logistica,0.7777777777777778,1.5555555555555556,Baseline ingenuo (promedio trailing),1.5555555555555556,2.998657440590395,Regresion lineal,3.333333333333333,1.0,3.0,5.0,True
2026-07-02,824093,2026-07-02,Tampa Bay Rays,693855,Ian Seymour,0,0.6897324683411603,Regresion logistica,1.0,1.3333333333333333,Baseline ingenuo (promedio trailing),1.3333333333333333,2.854880266195182,Regresion lineal,1.6666666666666667,0.0,1.0,1.0,True
2026-07-03,822714,2026-07-03,Washington Nationals,656492,Foster Griffin,1,0.6671500201710695,Regresion logistica,0.8,1.3217187942312802,Regresion lineal,1.2,2.296599011749491,Regresion lineal,2.2,1.0,1.0,1.0,True
2026-07-03,822714,2026-07-03,Pittsburgh Pirates,656605,Mitch Keller,0,0.5730146368476581,Regresion logistica,0.8,2.404503869861891,Regresion lineal,1.6,3.6044179454132985,Regresion lineal,3.9,0.0,5.0,5.0,True
2026-07-03,823120,2026-07-03,Seattle Mariners,622491,Luis Castillo,1,0.7559420379062556,Regresion logistica,0.6,1.0066528937469903,Regresion lineal,1.9,2.0141782783565247,Regresion lineal,2.9,1.0,2.0,2.0,True
2026-07-03,823120,2026-07-03,Toronto Blue Jays,656302,Dylan Cease,0,0.7407767227321326,Regresion logistica,0.5,1.1751858638661807,Regresion lineal,0.8,2.0141400120195185,Regresion lineal,2.2,1.0,0.0,0.0,True
2026-07-03,823527,2026-07-03,New York Yankees,543037,Gerrit Cole,1,0.6487211732494866,Regresion logistica,0.7142857142857143,1.934766001598193,Regresion lineal,1.5714285714285714,2.97384711221422,Regresion lineal,2.142857142857143,0.0,1.0,2.0,True
2026-07-03,823527,2026-07-03,Minnesota Twins,702474,Mike Paredes,0,0.5719387639790271,Regresion logistica,0.75,2.406358633068404,Regresion lineal,1.75,3.566416923846943,Regresion lineal,2.5,0.0,3.0,3.0,True
2026-07-03,823933,2026-07-03,San Diego Padres,650633,Michael King,0,0.7410426801236487,Regresion logistica,0.9,1.5526918413454942,Regresion lineal,0.9,2.6329806550294137,Regresion lineal,2.0,1.0,0.0,0.0,True
2026-07-03,823933,2026-07-03,Los Angeles Dodgers,660271,Shohei Ohtani,1,0.8690316460772481,Regresion logistica,1.0,0.6915429057546908,Regresion lineal,0.6,1.5649142181162312,Regresion lineal,1.3,0.0,1.0,2.0,True
2026-07-03,824013,2026-07-03,Los Angeles Angels,672282,Reid Detmers,1,0.7227012892533412,Regresion logistica,0.7,1.1495061009684964,Regresion lineal,1.8,2.050303491082252,Regresion lineal,2.1,1.0,4.0,5.0,True
2026-07-03,824013,2026-07-03,Boston Red Sox,687562,Jake Bennett,0,0.7164822630132657,Regresion logistica,1.0,1.548837758443797,Regresion lineal,1.1666666666666667,2.2844366925913207,Regresion lineal,1.8333333333333333,1.0,0.0,0.0,True
2026-07-03,824173,2026-07-03,Tampa Bay Rays,607259,Nick Martinez,0,0.6604872518412722,Regresion logistica,0.8,1.7401267492056711,Regresion lineal,1.1,2.749769533302396,Regresion lineal,1.7,1.0,0.0,0.0,True
2026-07-03,824173,2026-07-03,Houston Astros,681293,Spencer Arrighetti,1,0.667996902516738,Regresion logistica,0.8,1.7106364035003094,Regresion lineal,1.4,3.1237000163635544,Regresion lineal,3.0,1.0,0.0,0.0,True
2026-07-03,824336,2026-07-03,Colorado Rockies,663372,Ryan Feltner,1,0.7026996864647029,Regresion logistica,0.7,1.5049688861577,Regresion lineal,1.4,2.5242035623002788,Regresion lineal,2.7,1.0,1.0,2.0,True
2026-07-03,824336,2026-07-03,San Francisco Giants,686790,Trevor McDonald,0,0.6992652770158395,Regresion logistica,0.7,1.8474121359639144,Regresion lineal,1.1,2.92211924840769,Regresion lineal,3.1,0.0,7.0,14.0,True
2026-07-03,824417,2026-07-03,Chicago White Sox,641743,Anthony Kay,0,0.7505234042167785,Regresion logistica,0.5,1.2089781630152854,Regresion lineal,1.9,2.332472172932846,Regresion lineal,2.7,1.0,1.0,1.0,True
2026-07-03,824417,2026-07-03,Cleveland Guardians,668909,Gavin Williams,1,0.7760600793613107,Regresion logistica,0.7,1.4964584131795602,Regresion lineal,1.9,2.533714508853553,Regresion lineal,3.0,1.0,0.0,3.0,True
2026-07-03,824498,2026-07-03,Cincinnati Reds,663903,Brady Singer,1,0.6769610631215949,Regresion logistica,0.5,1.893609028454396,Regresion lineal,2.2,3.224315460992181,Regresion lineal,4.0,0.0,3.0,3.0,True
2026-07-03,824498,2026-07-03,Baltimore Orioles,669432,Trevor Rogers,0,0.7245424191957544,Regresion logistica,0.7,2.041181355705213,Regresion lineal,1.9,2.934793023235994,Regresion lineal,3.5,1.0,0.0,0.0,True
2026-07-03,824659,2026-07-03,Chicago Cubs,656849,David Peterson,1,0.6565823655831765,Regresion logistica,0.2222222222222222,2.6666666666666665,Baseline ingenuo (promedio trailing),2.6666666666666665,2.6282773131125454,Regresion lineal,4.222222222222222,1.0,6.0,14.0,True
2026-07-03,824659,2026-07-03,St. Louis Cardinals,669467,Andre Pallante,0,0.7433568342198809,Regresion logistica,0.6,1.6,Baseline ingenuo (promedio trailing),1.6,2.3999131264317968,Regresion lineal,2.3,1.0,0.0,0.0,True
2026-07-03,825062,2026-07-03,Milwaukee Brewers,690986,Kyle Harrison,0,0.7312510875211928,Regresion logistica,0.8,1.73522936246431,Regresion lineal,0.9,2.6655608422442016,Regresion lineal,1.4,1.0,3.0,3.0,True
2026-07-03,825062,2026-07-03,Arizona Diamondbacks,703615,Jose Cabrera,1,,,,,,,,,,1.0,3.0,3.0,True
2026-07-04,822882,2026-07-04,Texas Rangers,615698,Cal Quantrill,1,,,,,,,,,,0.0,3.0,3.0,True
2026-07-04,822882,2026-07-04,Detroit Tigers,656427,Jack Flaherty,0,0.6471636534477387,Regresion logistica,0.8,1.6687218416351526,Regresion lineal,1.8,2.3333298608764137,Regresion lineal,2.7,1.0,0.0,0.0,True
2026-07-04,822882,2026-07-04,Texas Rangers,677958,Kumar Rocker,1,0.6640148129255106,Regresion logistica,0.4,1.7417532094980737,Regresion lineal,1.5,2.8183511714900287,Regresion lineal,2.8,0.0,3.0,3.0,True
2026-07-04,823118,2026-07-04,Seattle Mariners,669302,Logan Gilbert,1,0.8117392098822743,Regresion logistica,0.7,0.666936534277135,Regresion lineal,0.7,1.482732878393563,Regresion lineal,1.5,1.0,0.0,0.0,True
2026-07-04,823118,2026-07-04,Toronto Blue Jays,669456,Shane Bieber,0,,,,,,,,,,1.0,5.0,7.0,True
2026-07-04,823932,2026-07-04,San Diego Padres,593974,Wandy Peralta,0,0.7943534969034786,Regresion logistica,1.0,0.7622350926742714,Regresion lineal,2.333333333333333,1.4139297308573997,Regresion lineal,4.333333333333333,1.0,1.0,1.0,True
2026-07-04,823932,2026-07-04,San Diego Padres,656288,Griffin Canning,0,0.5302361247795934,Regresion logistica,0.5555555555555556,1.944020751906825,Regresion lineal,1.8888888888888888,3.534114155254106,Regresion lineal,3.4444444444444446,1.0,1.0,1.0,True
2026-07-04,823932,2026-07-04,Los Angeles Dodgers,808967,Yoshinobu Yamamoto,1,0.7845253855115443,Regresion logistica,0.7,0.9067812041883384,Regresion lineal,0.7,1.7467419451711088,Regresion lineal,1.7,1.0,0.0,0.0,True
2026-07-04,824012,2026-07-04,Boston Red Sox,543243,Sonny Gray,0,0.6668323105005599,Regresion logistica,0.5,1.184737257740351,Regresion lineal,1.0,1.929823201168542,Regresion lineal,1.2,1.0,1.0,1.0,True
2026-07-04,824012,2026-07-04,Los Angeles Angels,691951,Sam Aldegheri,1,0.6529739713517694,Regresion logistica,0.6,1.8053102477877123,Regresion lineal,1.8,2.9325095528939524,Regresion lineal,3.6,0.0,3.0,7.0,True
2026-07-04,824092,2026-07-04,Kansas City Royals,608379,Michael Wacha,1,0.7378334840243774,Regresion logistica,0.8,1.478440809789322,Regresion lineal,1.4,2.528919222395964,Regresion lineal,2.1,1.0,0.0,3.0,True
2026-07-04,824092,2026-07-04,Philadelphia Phillies,666200,Jesús Luzardo,0,0.6877809535203593,Regresion logistica,0.9,1.5227009603908086,Regresion lineal,0.6,2.5709302599986072,Regresion lineal,2.0,1.0,0.0,1.0,True
2026-07-04,824171,2026-07-04,Tampa Bay Rays,656876,Drew Rasmussen,0,0.6821328147321325,Regresion logistica,0.8,1.386081918128092,Regresion lineal,1.2,2.263251805642968,Regresion lineal,1.6,0.0,2.0,5.0,True
2026-07-04,824171,2026-07-04,Houston Astros,686613,Hunter Brown,1,0.7027670565041182,Regresion logistica,1.0,1.5435784111787676,Regresion lineal,0.8,2.78427580184452,Regresion lineal,1.4,0.0,6.0,7.0,True
2026-07-04,824415,2026-07-04,Chicago White Sox,680732,Sean Burke,0,0.7723279681149193,Regresion logistica,0.6,1.3856161048642304,Regresion lineal,1.4,2.199592870193865,Regresion lineal,2.4,1.0,0.0,1.0,True
2026-07-04,824415,2026-07-04,Cleveland Guardians,800048,Parker Messick,1,0.8047226440146056,Regresion logistica,1.0,1.5393669584256109,Regresion lineal,0.6,2.417042509356572,Regresion lineal,1.3,0.0,1.0,1.0,True
2026-07-04,824903,2026-07-04,Atlanta Braves,519242,Chris Sale,1,0.7934377212937135,Regresion logistica,0.9,1.0508177490295223,Regresion lineal,0.6,1.6425840864135164,Regresion lineal,1.1,1.0,0.0,1.0,True
2026-07-04,824903,2026-07-04,New York Mets,640455,Sean Manaea,0,0.721785417131816,Regresion logistica,0.5,1.4426512224249652,Regresion lineal,1.25,2.0739260723003867,Regresion lineal,2.75,1.0,5.0,6.0,True
2026-07-05,822879,2026-07-05,Detroit Tigers,663554,Casey Mize,0,0.7078347272156641,Regresion logistica,1.0,1.3540453921466171,Regresion lineal,0.6,2.075679055261906,Regresion lineal,1.0,1.0,1.0,2.0,True
2026-07-05,822879,2026-07-05,Texas Rangers,677958,Kumar Rocker,1,0.6683450002392185,Regresion logistica,0.4,1.7378664534477988,Regresion lineal,1.5,2.750685879599274,Regresion lineal,2.8,1.0,0.0,6.0,True
2026-07-05,823117,2026-07-05,Seattle Mariners,676106,Emerson Hancock,1,0.8080549551761684,Regresion logistica,0.8,0.859725341400842,Regresion lineal,0.9,1.619132714952085,Regresion lineal,2.0,1.0,0.0,0.0,True
2026-07-05,823117,2026-07-05,Toronto Blue Jays,702056,Trey Yesavage,0,0.7784542999346855,Regresion logistica,0.7,1.3118863893015145,Regresion lineal,0.5,2.022433525604115,Regresion lineal,0.9,1.0,1.0,3.0,True
2026-07-05,823525,2026-07-05,Minnesota Twins,657746,Joe Ryan,0,0.7505941101250467,Regresion logistica,0.7,1.6174161050165723,Regresion lineal,1.1,2.4663990853327373,Regresion lineal,2.1,1.0,0.0,0.0,True
2026-07-05,823525,2026-07-05,New York Yankees,677960,Ryan Weathers,1,0.7861409103769733,Regresion logistica,0.7,1.3440255012113458,Regresion lineal,1.6,2.3252504738295623,Regresion lineal,2.9,0.0,1.0,4.0,True
2026-07-05,824010,2026-07-05,Boston Red Sox,624133,Ranger Suarez,0,0.6809147959179195,Regresion logistica,0.8,1.3990392896039618,Regresion lineal,0.7,2.1437933108021383,Regresion lineal,1.4,0.0,3.0,3.0,True
2026-07-05,824010,2026-07-05,Los Angeles Angels,696270,Ryan Johnson,1,0.701413217152157,Regresion logistica,0.5,1.3263191628371784,Regresion lineal,3.0,2.1152267254853845,Regresion lineal,3.5,1.0,5.0,5.0,True
2026-07-05,824413,2026-07-05,Chicago White Sox,669684,Chris Murphy,0,,,,,,,,,,0.0,3.0,6.0,True
2026-07-05,824413,2026-07-05,Cleveland Guardians,676440,Tanner Bibee,1,0.7817509235500301,Regresion logistica,0.6,1.1314689580202608,Regresion lineal,1.6,2.167789442843334,Regresion lineal,2.0,0.0,6.0,6.0,True
2026-07-05,824656,2026-07-05,Chicago Cubs,665871,Javier Assad,1,0.7900509948928646,Regresion logistica,0.8333333333333334,1.374820018467524,Regresion lineal,0.8333333333333334,2.5371237473871635,Regresion lineal,2.5,1.0,0.0,0.0,True
2026-07-05,824656,2026-07-05,St. Louis Cardinals,669461,Matthew Liberatore,0,0.7203427831803307,Regresion logistica,0.7,1.975085900732052,Regresion lineal,1.5,3.407156822828229,Regresion lineal,3.9,0.0,2.0,2.0,True
2026-07-06,822958,2026-07-06,Tampa Bay Rays,643377,Griffin Jax,1,0.7564010648034818,Regresion logistica,0.7,1.4532775501871391,Regresion lineal,1.8,2.583797341959271,Regresion lineal,2.5,1.0,0.0,3.0,True
2026-07-06,822958,2026-07-06,New York Yankees,693645,Cam Schlittler,0,0.7494946678085762,Regresion logistica,0.9,1.427067392058307,Regresion lineal,0.9,2.239718444048644,Regresion lineal,1.7,1.0,0.0,1.0,True
2026-07-06,823036,2026-07-06,St. Louis Cardinals,669160,Dustin May,1,0.7582913901242219,Regresion logistica,0.7,1.180946237619651,Regresion lineal,1.4,1.9308981578756823,Regresion lineal,2.4,1.0,0.0,0.0,True
2026-07-06,823036,2026-07-06,Milwaukee Brewers,675660,Shane Drohan,0,0.7389339311211228,Regresion logistica,0.8571428571428571,1.5207152251784268,Regresion lineal,1.5714285714285714,2.5017922589498784,Regresion lineal,2.0,1.0,2.0,2.0,True
2026-07-06,823205,2026-07-06,Toronto Blue Jays,592332,Kevin Gausman,0,0.5079455844749708,Regresion logistica,0.4,1.3382442856248111,Regresion lineal,2.3,2.462029826415957,Regresion lineal,3.1,0.0,1.0,3.0,True
2026-07-06,823205,2026-07-06,San Francisco Giants,694738,Landen Roupp,1,0.6149615983083065,Regresion logistica,0.6,1.2113677960459466,Regresion lineal,1.8,2.2690646579785616,Regresion lineal,3.2,1.0,0.0,0.0,True
2026-07-06,823930,2026-07-06,Colorado Rockies,607536,Kyle Freeland,0,0.5284332820703336,Regresion logistica,0.6,1.9648460683307647,Regresion lineal,2.6,3.63025698496776,Regresion lineal,4.6,1.0,2.0,6.0,True
2026-07-06,823930,2026-07-06,Los Angeles Dodgers,641778,Eric Lauer,1,0.6602957134435872,Regresion logistica,0.5,1.1798989690589328,Regresion lineal,2.4,2.48740140599993,Regresion lineal,2.8,1.0,1.0,2.0,True
2026-07-06,824089,2026-07-06,Philadelphia Phillies,650911,Cristopher Sánchez,0,0.7646573204131444,Regresion logistica,0.8,1.0646677692104285,Regresion lineal,0.7,2.033839513723531,Regresion lineal,1.2,0.0,8.0,10.0,True
2026-07-06,824089,2026-07-06,Kansas City Royals,702070,Noah Cameron,1,0.785338163408592,Regresion logistica,0.8,1.3955011747072867,Regresion lineal,1.6,2.199118960068801,Regresion lineal,3.1,0.0,1.0,1.0,True
2026-07-07,822881,2026-07-07,Texas Rangers,594798,Jacob deGrom,1,0.6889393846247055,Regresion logistica,0.6,1.286679691764975,Regresion lineal,1.8,1.9425641391436912,Regresion lineal,2.4,0.0,2.0,2.0,True
2026-07-07,822881,2026-07-07,Los Angeles Angels,667755,José Soriano,0,0.5742260688800357,Regresion logistica,0.6,1.9053316799105315,Regresion lineal,1.6,2.87797916771611,Regresion lineal,1.8,1.0,2.0,2.0,True
2026-07-07,823062,2026-07-07,St. Louis Cardinals,694335,Matt Svanson,1,,,,,,,,,,,,,False
2026-07-07,823062,2026-07-07,Milwaukee Brewers,694819,Jacob Misiorowski,0,0.8251331591591948,Regresion logistica,0.9,0.871104572744981,Regresion lineal,0.1,1.3635322065554942,Regresion lineal,0.7,,,,False
2026-07-07,823361,2026-07-07,Atlanta Braves,694462,Hurston Waldrep,0,,,,,,,,,,0.0,7.0,7.0,True
2026-07-07,823361,2026-07-07,Pittsburgh Pirates,694973,Paul Skenes,1,0.7913451418738849,Regresion logistica,0.8,1.4461263815799548,Regresion lineal,1.8,2.147741795006655,Regresion lineal,2.4,0.0,2.0,2.0,True
2026-07-07,823847,2026-07-07,Seattle Mariners,676106,Emerson Hancock,0,0.7815163502823936,Regresion logistica,0.8,1.2863466675962738,Regresion lineal,0.8,2.2154826181245086,Regresion lineal,1.9,1.0,3.0,4.0,True
2026-07-07,823847,2026-07-07,Miami Marlins,676974,Max Meyer,1,0.7876306445896838,Regresion logistica,0.6,1.0263299602223763,Regresion lineal,1.1,1.898269099302862,Regresion lineal,2.1,1.0,0.0,2.0,True
2026-07-07,823847,2026-07-07,Seattle Mariners,693433,Bryan Woo,0,0.81777118602669,Regresion logistica,1.0,1.2805818140020842,Regresion lineal,1.1,2.022771508978906,Regresion lineal,2.1,1.0,3.0,4.0,True
2026-07-07,824254,2026-07-07,Athletics,669372,J.T. Ginn,0,0.7715947323734834,Regresion logistica,0.9,1.5536473462505112,Regresion lineal,0.7,2.4669732044159605,Regresion lineal,1.4,0.0,2.0,2.0,True
2026-07-07,824254,2026-07-07,Detroit Tigers,669373,Tarik Skubal,1,0.7491865878572055,Regresion logistica,0.5,1.0189838884843898,Regresion lineal,1.0,1.6900566770457166,Regresion lineal,1.7,1.0,1.0,1.0,True
2026-07-07,824579,2026-07-07,Chicago White Sox,702273,Noah Schultz,1,0.7680943842825758,Regresion logistica,0.6666666666666666,1.3595645618728307,Regresion lineal,1.7777777777777777,2.276667923780893,Regresion lineal,3.4444444444444446,1.0,3.0,4.0,True
2026-07-07,824579,2026-07-07,Boston Red Sox,801139,Payton Tolle,0,0.7474462900370143,Regresion logistica,0.7,1.4548968204198285,Regresion lineal,1.1,2.4101888190314,Regresion lineal,2.5,1.0,0.0,0.0,True
2026-07-10,822709,2026-07-10,New York Yankees,677960,Ryan Weathers,0,0.691037819340445,Regresion logistica,0.6,1.7,Baseline ingenuo (promedio trailing),1.7,3.003177356773892,Regresion lineal,3.2,1.0,1.0,1.0,True
2026-07-10,822709,2026-07-10,Washington Nationals,687223,Carson Palmquist,1,,,,,,,,,,0.0,1.0,2.0,True
2026-07-10,822955,2026-07-10,Tampa Bay Rays,607259,Nick Martinez,1,0.7812436289946321,Regresion logistica,0.8,1.0,Baseline ingenuo (promedio trailing),1.0,2.3980101756199868,Regresion lineal,1.6,1.0,0.0,1.0,True
2026-07-10,822955,2026-07-10,Seattle Mariners,622491,Luis Castillo,0,0.6600854263211925,Regresion logistica,0.6,1.7,Baseline ingenuo (promedio trailing),1.7,2.5616199220200184,Regresion lineal,2.7,1.0,1.0,4.0,True
2026-07-10,823033,2026-07-10,Atlanta Braves,519242,Chris Sale,0,0.7013026516803281,Regresion logistica,0.9,0.6,Baseline ingenuo (promedio trailing),0.6,1.98268763619748,Regresion lineal,1.2,1.0,0.0,0.0,True
2026-07-10,823033,2026-07-10,St. Louis Cardinals,681517,Kyle Leahy,1,0.6935593381046911,Regresion logistica,0.7,0.5,Baseline ingenuo (promedio trailing),0.5,2.1556318010437976,Regresion lineal,1.6,1.0,0.0,1.0,True
2026-07-10,823278,2026-07-10,Toronto Blue Jays,669456,Shane Bieber,0,0.4963507130032794,Regresion logistica,0.3333333333333333,2.333333333333333,Baseline ingenuo (promedio trailing),2.333333333333333,3.5867885797580987,Regresion lineal,4.0,0.0,2.0,2.0,True
2026-07-10,823278,2026-07-10,San Diego Padres,676664,JP Sears,1,0.7376744598500415,Regresion logistica,0.6666666666666666,1.6666666666666667,Baseline ingenuo (promedio trailing),1.6666666666666667,1.95134060493523,Regresion lineal,2.6666666666666665,1.0,0.0,5.0,True
2026-07-10,823357,2026-07-10,Pittsburgh Pirates,677952,Braxton Ashcraft,1,0.6712525929400185,Regresion logistica,0.6,1.2,Baseline ingenuo (promedio trailing),1.2,2.3526733907542146,Regresion lineal,2.0,,,,False
2026-07-10,823357,2026-07-10,Milwaukee Brewers,687075,Brandon Sproat,0,0.6490620349089692,Regresion logistica,0.7,0.8,Baseline ingenuo (promedio trailing),0.8,3.0558200391517585,Regresion lineal,2.5,,,,False
2026-07-10,823604,2026-07-10,Boston Red Sox,543243,Sonny Gray,0,0.7633256934213444,Regresion logistica,0.5,1.1,Baseline ingenuo (promedio trailing),1.1,2.011874296006347,Regresion lineal,1.3,1.0,1.0,1.0,True
2026-07-10,823604,2026-07-10,New York Mets,690997,Nolan McLean,1,0.7920272547490291,Regresion logistica,0.8,2.0,Baseline ingenuo (promedio trailing),2.0,2.3517169813233774,Regresion lineal,3.1,0.0,2.0,2.0,True
2026-07-10,823845,2026-07-10,Miami Marlins,645261,Sandy Alcantara,1,0.7716015440499506,Regresion logistica,0.8,2.1,Baseline ingenuo (promedio trailing),2.1,2.2985235410314115,Regresion lineal,2.4,1.0,0.0,3.0,True
2026-07-10,823845,2026-07-10,Cleveland Guardians,800048,Parker Messick,0,0.7702941034447695,Regresion logistica,0.9,0.7,Baseline ingenuo (promedio trailing),0.7,2.3160625149316805,Regresion lineal,1.4,1.0,0.0,0.0,True
2026-07-10,823927,2026-07-10,Arizona Diamondbacks,593958,Eduardo Rodriguez,0,0.5710304534073167,Regresion logistica,0.6,1.1,Baseline ingenuo (promedio trailing),1.1,2.27394151009777,Regresion lineal,1.2,0.0,2.0,2.0,True
2026-07-10,823927,2026-07-10,Los Angeles Dodgers,669165,Kyle Hurt,1,,,,,,,,,,0.0,2.0,6.0,True
2026-07-10,824252,2026-07-10,Philadelphia Phillies,605400,Aaron Nola,0,0.7260102775673078,Regresion logistica,0.7,2.1,Baseline ingenuo (promedio trailing),2.1,2.63319714621658,Regresion lineal,3.9,1.0,2.0,2.0,True
2026-07-10,824252,2026-07-10,Detroit Tigers,656427,Jack Flaherty,1,0.8155607209367557,Regresion logistica,0.9,1.4,Baseline ingenuo (promedio trailing),1.4,1.7737623960050426,Regresion lineal,2.3,1.0,1.0,2.0,True
2026-07-10,824575,2026-07-10,Chicago White Sox,680732,Sean Burke,1,0.7453074054923359,Regresion logistica,0.6,1.4,Baseline ingenuo (promedio trailing),1.4,1.7574721916574862,Regresion lineal,2.3,1.0,0.0,0.0,True
2026-07-10,824575,2026-07-10,Athletics,682052,Jacob Lopez,0,0.6963566742121511,Regresion logistica,0.8,2.1,Baseline ingenuo (promedio trailing),2.1,3.356048306623795,Regresion lineal,3.7,1.0,0.0,4.0,True
2026-07-10,824817,2026-07-10,Kansas City Royals,679883,Luinder Avila,0,0.6795653806001432,Regresion logistica,0.375,2.5,Baseline ingenuo (promedio trailing),2.5,2.746018292846132,Regresion lineal,2.75,1.0,2.0,3.0,True
2026-07-10,824817,2026-07-10,Baltimore Orioles,687064,Brandon Young,1,0.7822715331779492,Regresion logistica,0.7,1.1,Baseline ingenuo (promedio trailing),1.1,2.3694697297910663,Regresion lineal,1.9,1.0,0.0,2.0,True
2026-07-17,823115,2026-07-17,Seattle Mariners,682243,Bryce Miller,1,0.7721633413364213,Regresion logistica,0.8888888888888888,0.6666666666666666,Baseline ingenuo (promedio trailing),0.6666666666666666,1.589135101782503,Regresion lineal,1.2222222222222223,1.0,0.0,2.0,True
2026-07-17,823115,2026-07-17,San Francisco Giants,694738,Landen Roupp,0,0.7029754455632473,Regresion logistica,0.6,1.8,Baseline ingenuo (promedio trailing),1.8,2.611822268118213,Regresion lineal,3.0,1.0,0.0,0.0,True
2026-07-17,823524,2026-07-17,New York Yankees,543037,Gerrit Cole,1,0.6071239326010042,Regresion logistica,0.6666666666666666,1.4444444444444444,Baseline ingenuo (promedio trailing),1.4444444444444444,2.858009057939084,Regresion lineal,2.111111111111111,1.0,0.0,0.0,True
2026-07-17,823524,2026-07-17,Los Angeles Dodgers,808963,Roki Sasaki,0,0.6287174734822567,Regresion logistica,0.7,1.8,Baseline ingenuo (promedio trailing),1.8,3.347699098662648,Regresion lineal,2.6,1.0,0.0,1.0,True
2026-07-17,823766,2026-07-17,Miami Marlins,645261,Sandy Alcantara,0,0.68616176310505,Regresion logistica,0.8,2.0,Baseline ingenuo (promedio trailing),2.0,2.742899568132781,Regresion lineal,2.6,1.0,0.0,1.0,True
2026-07-17,823766,2026-07-17,Milwaukee Brewers,701656,Logan Henderson,1,0.7868240641810574,Regresion logistica,0.8333333333333334,0.8333333333333334,Baseline ingenuo (promedio trailing),0.8333333333333334,1.744125781939862,Regresion lineal,1.3333333333333333,1.0,0.0,1.0,True
2026-07-17,824901,2026-07-17,Atlanta Braves,519242,Chris Sale,1,0.776709300727422,Regresion logistica,0.9,0.5,Baseline ingenuo (promedio trailing),0.5,2.112384905487225,Regresion lineal,1.1,1.0,0.0,0.0,True
2026-07-17,824901,2026-07-17,Texas Rangers,615698,Cal Quantrill,0,0.7563360023225137,Regresion logistica,0.75,1.0,Baseline ingenuo (promedio trailing),1.0,2.331118758728861,Regresion lineal,2.75,1.0,2.0,8.0,True
2026-07-18,822790,2026-07-18,Chicago White Sox,663436,Davis Martin,0,0.7599859670678643,Regresion logistica,1.0,1.1,Baseline ingenuo (promedio trailing),1.1,2.9373005518139914,Regresion lineal,2.9,1.0,0.0,1.0,True
2026-07-18,822790,2026-07-18,Toronto Blue Jays,669456,Shane Bieber,1,0.6319387077605246,Regresion logistica,0.25,2.25,Baseline ingenuo (promedio trailing),2.25,3.793659059927144,Regresion lineal,3.5,1.0,0.0,0.0,True
2026-07-18,823116,2026-07-18,San Francisco Giants,657277,Logan Webb,0,0.7608968115792232,Regresion logistica,0.7,1.6,Baseline ingenuo (promedio trailing),1.6,2.348022472276478,Regresion lineal,3.0,1.0,0.0,0.0,True
2026-07-18,823116,2026-07-18,Seattle Mariners,693433,Bryan Woo,1,0.7599977057630231,Regresion logistica,1.0,1.4,Baseline ingenuo (promedio trailing),1.4,2.055646622850548,Regresion lineal,2.5,1.0,1.0,1.0,True
2026-07-18,823441,2026-07-18,New York Mets,640455,Sean Manaea,0,0.6416932806924729,Regresion logistica,0.5,1.8333333333333333,Baseline ingenuo (promedio trailing),1.8333333333333333,2.321843686090572,Regresion lineal,3.1666666666666665,0.0,2.0,4.0,True
2026-07-18,823441,2026-07-18,Philadelphia Phillies,666200,Jesús Luzardo,1,0.7353480976080817,Regresion logistica,1.0,0.5,Baseline ingenuo (promedio trailing),0.5,2.3073178795203533,Regresion lineal,1.5,1.0,1.0,1.0,True
2026-07-18,824008,2026-07-18,Detroit Tigers,669373,Tarik Skubal,0,0.6743284596290688,Regresion logistica,0.6,1.1,Baseline ingenuo (promedio trailing),1.1,2.013345843474851,Regresion lineal,1.4,1.0,0.0,0.0,True
2026-07-18,824008,2026-07-18,Los Angeles Angels,680570,Grayson Rodriguez,1,0.6724570754228959,Regresion logistica,0.8571428571428571,1.4285714285714286,Baseline ingenuo (promedio trailing),1.4285714285714286,2.879969121501636,Regresion lineal,3.4285714285714284,0.0,6.0,7.0,True
2026-07-18,824414,2026-07-18,Cleveland Guardians,668909,Gavin Williams,1,0.7307333087718858,Regresion logistica,0.8,1.6,Baseline ingenuo (promedio trailing),1.6,2.5145310848735,Regresion lineal,2.5,,,,False
2026-07-18,824414,2026-07-18,Pittsburgh Pirates,683003,Jared Jones,0,0.7923616372256265,Regresion logistica,0.75,1.5,Baseline ingenuo (promedio trailing),1.5,2.067224666421356,Regresion lineal,2.375,,,,False
2026-07-20,822788,2026-07-20,Tampa Bay Rays,607259,Nick Martinez,0,0.6575408513821623,Regresion logistica,0.8,1.0,Baseline ingenuo (promedio trailing),1.0,2.562145518058634,Regresion lineal,1.7,1.0,0.0,1.0,True
2026-07-20,822788,2026-07-20,Toronto Blue Jays,656302,Dylan Cease,1,0.6577878729707519,Regresion logistica,0.6,0.5,Baseline ingenuo (promedio trailing),0.5,2.240270861000325,Regresion lineal,1.5,1.0,2.0,4.0,True
2026-07-20,823436,2026-07-20,Philadelphia Phillies,650911,Cristopher Sánchez,1,0.6202017418497945,Regresion logistica,0.7,1.5,Baseline ingenuo (promedio trailing),1.5,2.558003329559256,Regresion lineal,2.3,1.0,0.0,1.0,True
2026-07-20,823436,2026-07-20,Los Angeles Dodgers,686218,Emmet Sheehan,0,0.6702736078600763,Regresion logistica,0.8,1.0,Baseline ingenuo (promedio trailing),1.0,2.515458557699972,Regresion lineal,2.4,1.0,4.0,4.0,True
2026-07-20,823522,2026-07-20,Pittsburgh Pirates,677952,Braxton Ashcraft,0,0.7040026916395944,Regresion logistica,0.6,1.4,Baseline ingenuo (promedio trailing),1.4,2.6114029449888214,Regresion lineal,2.2,0.0,8.0,8.0,True
2026-07-20,823522,2026-07-20,New York Yankees,677960,Ryan Weathers,1,0.7290819360426697,Regresion logistica,0.6,1.8,Baseline ingenuo (promedio trailing),1.8,2.404929132614846,Regresion lineal,3.3,1.0,5.0,5.0,True
2026-07-20,823762,2026-07-20,New York Mets,642547,Freddy Peralta,0,0.5968722274233754,Regresion logistica,0.6,2.9,Baseline ingenuo (promedio trailing),2.9,3.015745690566335,Regresion lineal,3.9,0.0,5.0,5.0,True
2026-07-20,823762,2026-07-20,Milwaukee Brewers,694819,Jacob Misiorowski,1,0.8499644144364066,Regresion logistica,0.8,0.4,Baseline ingenuo (promedio trailing),0.4,1.273997300391794,Regresion lineal,1.0,1.0,1.0,1.0,True
2026-07-20,824410,2026-07-20,Minnesota Twins,657746,Joe Ryan,0,0.7927063182073572,Regresion logistica,0.8,1.2,Baseline ingenuo (promedio trailing),1.2,2.1329927511566176,Regresion lineal,2.1,0.0,7.0,9.0,True
2026-07-20,824410,2026-07-20,Cleveland Guardians,676440,Tanner Bibee,1,0.7415879425593461,Regresion logistica,0.6,1.9,Baseline ingenuo (promedio trailing),1.9,2.409479812319362,Regresion lineal,2.2,1.0,2.0,2.0,True
2026-07-20,824736,2026-07-20,Baltimore Orioles,669358,Shane Baz,0,0.6472814001532764,Regresion logistica,0.5,1.5,Baseline ingenuo (promedio trailing),1.5,2.2730864663042905,Regresion lineal,2.2,1.0,3.0,3.0,True
2026-07-20,824736,2026-07-20,Boston Red Sox,801139,Payton Tolle,1,0.7267963980331145,Regresion logistica,0.8,0.8,Baseline ingenuo (promedio trailing),0.8,2.257119282824168,Regresion lineal,2.1,0.0,1.0,2.0,True
2026-07-21,822787,2026-07-21,Toronto Blue Jays,592332,Kevin Gausman,1,0.4812852220854851,Regresion logistica,0.4,2.2,Baseline ingenuo (promedio trailing),2.2,2.9613020639444727,Regresion lineal,3.0,0.0,3.0,8.0,True
2026-07-21,822787,2026-07-21,Tampa Bay Rays,656876,Drew Rasmussen,0,0.5990171145769296,Regresion logistica,0.8,1.5,Baseline ingenuo (promedio trailing),1.5,2.3319835815716945,Regresion lineal,2.2,1.0,0.0,0.0,True
2026-07-21,823114,2026-07-21,Seattle Mariners,622491,Luis Castillo,1,0.7846133651361032,Regresion logistica,0.7,1.7,Baseline ingenuo (promedio trailing),1.7,2.393280243630778,Regresion lineal,2.9,0.0,1.0,3.0,True
2026-07-21,823114,2026-07-21,Cincinnati Reds,695505,Chase Burns,0,0.7716745125601943,Regresion logistica,0.9,1.1,Baseline ingenuo (promedio trailing),1.1,2.185867631446041,Regresion lineal,1.4,1.0,0.0,0.0,True
2026-07-21,823437,2026-07-21,Philadelphia Phillies,554430,Zack Wheeler,1,0.5722163096417281,Regresion logistica,0.9,0.6,Baseline ingenuo (promedio trailing),0.6,2.72266300084666,Regresion lineal,1.0,1.0,0.0,2.0,True
2026-07-21,823437,2026-07-21,Los Angeles Dodgers,680736,Justin Wrobleski,0,0.6037653775391005,Regresion logistica,0.8,1.2,Baseline ingenuo (promedio trailing),1.2,2.490638866266428,Regresion lineal,1.6,0.0,1.0,1.0,True
2026-07-21,824409,2026-07-21,Minnesota Twins,696070,Kendry Rojas,0,,,,,,,,,,1.0,2.0,2.0,True
2026-07-21,824409,2026-07-21,Cleveland Guardians,800048,Parker Messick,1,0.8146687028151111,Regresion logistica,0.9,0.7,Baseline ingenuo (promedio trailing),0.7,1.765172865300811,Regresion lineal,1.2,0.0,1.0,2.0,True
2026-07-22,822784,2026-07-22,Tampa Bay Rays,643377,Griffin Jax,0,0.7671379915497725,Regresion logistica,0.8,1.7,Baseline ingenuo (promedio trailing),1.7,2.0890371999628976,Regresion lineal,2.8,0.0,1.0,1.0,True
2026-07-22,822784,2026-07-22,Toronto Blue Jays,680755,Braydon Fisher,1,0.8459043713070095,Regresion logistica,1.0,0.1666666666666666,Baseline ingenuo (promedio trailing),0.1666666666666666,1.9430698345762667,Regresion lineal,0.8333333333333334,1.0,1.0,1.0,True
2026-07-22,823438,2026-07-22,Philadelphia Phillies,605400,Aaron Nola,1,0.683746117282648,Regresion logistica,0.7,1.5,Baseline ingenuo (promedio trailing),1.5,3.131913472965448,Regresion lineal,3.1,1.0,1.0,3.0,True
2026-07-22,823438,2026-07-22,Los Angeles Dodgers,641778,Eric Lauer,0,0.7086370670386954,Regresion logistica,0.6,2.3,Baseline ingenuo (promedio trailing),2.3,2.686126071138254,Regresion lineal,2.7,0.0,2.0,3.0,True
2026-07-22,823519,2026-07-22,New York Yankees,608331,Max Fried,1,0.6510467074138687,Regresion logistica,0.8,1.3,Baseline ingenuo (promedio trailing),1.3,2.602832782346446,Regresion lineal,1.8,,,,False
2026-07-22,823519,2026-07-22,Pittsburgh Pirates,696149,Bubba Chandler,0,0.5977946396037395,Regresion logistica,0.7,2.0,Baseline ingenuo (promedio trailing),2.0,3.549790875146109,Regresion lineal,2.8,,,,False
2026-07-22,824166,2026-07-22,Miami Marlins,645261,Sandy Alcantara,0,0.7430961320105959,Regresion logistica,0.9,1.7,Baseline ingenuo (promedio trailing),1.7,2.7680737307495007,Regresion lineal,2.2,1.0,2.0,2.0,True
2026-07-22,824166,2026-07-22,Houston Astros,663567,Peter Lambert,1,0.7551042861358133,Regresion logistica,0.8,0.6,Baseline ingenuo (promedio trailing),0.6,2.105829991214172,Regresion lineal,1.3,1.0,0.0,2.0,True
2026-07-22,824408,2026-07-22,Minnesota Twins,641927,Bailey Ober,0,0.7799728665479896,Regresion logistica,0.8,1.1,Baseline ingenuo (promedio trailing),1.1,2.5694814190981936,Regresion lineal,2.4,0.0,3.0,4.0,True
2026-07-22,824408,2026-07-22,Cleveland Guardians,677944,Slade Cecconi,1,0.7697392802542746,Regresion logistica,0.8,0.4,Baseline ingenuo (promedio trailing),0.4,2.2970271023234425,Regresion lineal,1.8,0.0,3.0,7.0,True
2026-07-23,824893,2026-07-23,Atlanta Braves,519242,Chris Sale,1,0.8223885590958656,Regresion logistica,0.9,0.4,Baseline ingenuo (promedio trailing),0.4,1.9385234753914105,Regresion lineal,0.9,1.0,3.0,3.0,True
2026-07-23,824893,2026-07-23,San Diego Padres,656288,Griffin Canning,0,0.6430626303651574,Regresion logistica,0.5,1.9,Baseline ingenuo (promedio trailing),1.9,2.9696201333436982,Regresion lineal,3.6,1.0,1.0,5.0,True
2026-07-24,822872,2026-07-24,Texas Rangers,669022,MacKenzie Gore,1,0.6969107300495702,Regresion logistica,0.7,1.9,Baseline ingenuo (promedio trailing),1.9,2.2056572896360658,Regresion lineal,3.1,1.0,1.0,3.0,True
2026-07-24,822872,2026-07-24,Seattle Mariners,682243,Bryce Miller,0,0.6909942893623998,Regresion logistica,0.9,0.6,Baseline ingenuo (promedio trailing),0.6,2.320118571287587,Regresion lineal,1.3,0.0,1.0,3.0,True
2026-07-24,822952,2026-07-24,Tampa Bay Rays,663556,Shane McClanahan,1,0.8234070429584363,Regresion logistica,0.8,1.2,Baseline ingenuo (promedio trailing),1.2,2.1554584611526195,Regresion lineal,2.6,1.0,0.0,1.0,True
2026-07-24,822952,2026-07-24,Cleveland Guardians,676282,Joey Cantillo,0,0.6901339253894576,Regresion logistica,0.8,2.0,Baseline ingenuo (promedio trailing),2.0,2.3928640168662527,Regresion lineal,2.4,1.0,2.0,5.0,True
2026-07-24,823031,2026-07-24,St. Louis Cardinals,669160,Dustin May,1,0.8243691530472608,Regresion logistica,0.7,1.7,Baseline ingenuo (promedio trailing),1.7,1.5241299929869956,Regresion lineal,2.3,1.0,0.0,1.0,True
2026-07-24,823031,2026-07-24,Cincinnati Reds,695076,Rhett Lowder,0,0.684902901036525,Regresion logistica,0.5,3.1,Baseline ingenuo (promedio trailing),3.1,2.906492487687124,Regresion lineal,5.1,1.0,0.0,2.0,True
2026-07-24,823434,2026-07-24,Philadelphia Phillies,666200,Jesús Luzardo,1,0.7199851020694615,Regresion logistica,1.0,0.6,Baseline ingenuo (promedio trailing),0.6,2.7795311122974047,Regresion lineal,1.4,1.0,0.0,1.0,True
2026-07-24,823434,2026-07-24,New York Yankees,693645,Cam Schlittler,0,0.6855678108738711,Regresion logistica,0.8,1.3,Baseline ingenuo (promedio trailing),1.3,2.64935977116684,Regresion lineal,2.3,1.0,0.0,0.0,True
2026-07-24,823759,2026-07-24,Colorado Rockies,608372,Tomoyuki Sugano,0,0.6342288401743128,Regresion logistica,0.5,2.1,Baseline ingenuo (promedio trailing),2.1,2.837852799664345,Regresion lineal,3.3,0.0,1.0,1.0,True
2026-07-24,823759,2026-07-24,Milwaukee Brewers,675660,Shane Drohan,1,0.7872956851395424,Regresion logistica,0.9,1.6,Baseline ingenuo (promedio trailing),1.6,1.939823918854496,Regresion lineal,2.1,0.0,3.0,4.0,True
2026-07-24,824248,2026-07-24,Detroit Tigers,669373,Tarik Skubal,1,0.7897357908535166,Regresion logistica,0.6,1.1,Baseline ingenuo (promedio trailing),1.1,1.1968277991719656,Regresion lineal,1.4,1.0,0.0,1.0,True
2026-07-24,824248,2026-07-24,Kansas City Royals,694360,Beck Way,0,,,,,,,,,,0.0,2.0,2.0,True
2026-07-24,824573,2026-07-24,Chicago White Sox,663436,Davis Martin,1,0.7984777857590472,Regresion logistica,1.0,1.1,Baseline ingenuo (promedio trailing),1.1,2.5926303295978204,Regresion lineal,3.0,1.0,0.0,0.0,True
2026-07-24,824573,2026-07-24,Houston Astros,681293,Spencer Arrighetti,0,0.7207053939626576,Regresion logistica,0.8,1.6,Baseline ingenuo (promedio trailing),1.6,2.697898993694115,Regresion lineal,3.5,0.0,3.0,5.0,True
2026-07-24,822948,2026-07-25,Tampa Bay Rays,607259,Nick Martinez,1,0.8107659482524597,Regresion logistica,0.8,1.0,Baseline ingenuo (promedio trailing),1.0,2.4510618583045582,Regresion lineal,1.8,1.0,0.0,0.0,True
2026-07-24,822948,2026-07-25,Cleveland Guardians,676440,Tanner Bibee,0,0.6828905999421075,Regresion logistica,0.6,2.1,Baseline ingenuo (promedio trailing),2.1,2.576490768731021,Regresion lineal,2.4,1.0,0.0,2.0,True
2026-07-25,823355,2026-07-25,Chicago Cubs,684007,Shota Imanaga,0,0.7024689538016482,Regresion logistica,0.8,1.1,Baseline ingenuo (promedio trailing),1.1,2.4817902769906084,Regresion lineal,2.2,1.0,0.0,0.0,True
2026-07-25,823355,2026-07-25,Pittsburgh Pirates,694973,Paul Skenes,1,0.8027430882742128,Regresion logistica,0.8,2.0,Baseline ingenuo (promedio trailing),2.0,2.594342876451204,Regresion lineal,2.6,1.0,0.0,3.0,True
2026-07-24,824244,2026-07-25,Kansas City Royals,608379,Michael Wacha,0,0.7326088347015118,Regresion logistica,0.8,1.3,Baseline ingenuo (promedio trailing),1.3,2.639683343765592,Regresion lineal,2.6,1.0,1.0,2.0,True
2026-07-24,824244,2026-07-25,Detroit Tigers,663554,Casey Mize,1,0.8331164128652083,Regresion logistica,1.0,0.8,Baseline ingenuo (promedio trailing),0.8,1.5032425410382813,Regresion lineal,1.6,1.0,1.0,1.0,True
2026-07-24,824734,2026-07-25,Boston Red Sox,543243,Sonny Gray,1,0.7552889803396623,Regresion logistica,0.5,1.2,Baseline ingenuo (promedio trailing),1.2,1.6714865138292978,Regresion lineal,1.4,1.0,5.0,5.0,True
2026-07-24,824734,2026-07-25,Toronto Blue Jays,656302,Dylan Cease,0,0.787132797455091,Regresion logistica,0.6,0.7,Baseline ingenuo (promedio trailing),0.7,1.7580246980522247,Regresion lineal,1.9,1.0,0.0,0.0,True
2026-07-26,822950,2026-07-26,Tampa Bay Rays,656876,Drew Rasmussen,1,0.7983452868619023,Regresion logistica,0.8,1.3,Baseline ingenuo (promedio trailing),1.3,1.663735833467244,Regresion lineal,2.0,1.0,0.0,0.0,True
2026-07-26,822950,2026-07-26,Cleveland Guardians,800048,Parker Messick,0,0.714635031260549,Regresion logistica,0.8,0.6,Baseline ingenuo (promedio trailing),0.6,1.916490396356844,Regresion lineal,1.1,1.0,0.0,1.0,True
2026-07-26,823755,2026-07-26,Colorado Rockies,607536,Kyle Freeland,0,0.6892487087538056,Regresion logistica,0.6,2.0,Baseline ingenuo (promedio trailing),2.0,2.2831787630978724,Regresion lineal,3.9,0.0,3.0,3.0,True
2026-07-26,823755,2026-07-26,Milwaukee Brewers,694819,Jacob Misiorowski,1,0.7689541442669738,Regresion logistica,0.8,0.5,Baseline ingenuo (promedio trailing),0.5,1.622838697017871,Regresion lineal,1.1,1.0,0.0,1.0,True
2026-07-26,824730,2026-07-26,Toronto Blue Jays,592332,Kevin Gausman,0,0.6861861624417507,Regresion logistica,0.4,2.4,Baseline ingenuo (promedio trailing),2.4,2.392677504775864,Regresion lineal,3.7,1.0,1.0,3.0,True
2026-07-26,824730,2026-07-26,Boston Red Sox,624133,Ranger Suarez,1,0.8197999970232932,Regresion logistica,0.7,1.0,Baseline ingenuo (promedio trailing),1.0,1.373449618888396,Regresion lineal,1.7,1.0,0.0,0.0,True
2026-07-27,823839,2026-07-27,Philadelphia Phillies,554430,Zack Wheeler,0,0.7111808216192118,Regresion logistica,0.9,0.6,Baseline ingenuo (promedio trailing),0.6,1.8969927235234123,Regresion lineal,1.2,0.0,5.0,5.0,True
2026-07-27,823839,2026-07-27,Miami Marlins,663969,Tyler Phillips,1,0.7788748630055758,Regresion logistica,0.7,1.5,Baseline ingenuo (promedio trailing),1.5,2.1058271682863388,Regresion lineal,2.8,0.0,2.0,2.0,True
2026-07-27,824490,2026-07-27,Cleveland Guardians,677944,Slade Cecconi,0,0.6536674949027556,Regresion logistica,0.8,0.6,Baseline ingenuo (promedio trailing),0.6,2.791278141993065,Regresion lineal,2.4,,,,False
2026-07-27,824490,2026-07-27,Cincinnati Reds,695505,Chase Burns,1,0.6939298152854771,Regresion logistica,0.9,1.1,Baseline ingenuo (promedio trailing),1.1,2.212971640175488,Regresion lineal,1.4,,,,False
2026-07-27,824570,2026-07-27,New York Yankees,608331,Max Fried,0,0.7895919140833764,Regresion logistica,0.8,1.3,Baseline ingenuo (promedio trailing),1.3,1.6067073683335638,Regresion lineal,1.8,0.0,3.0,4.0,True
2026-07-27,824570,2026-07-27,Chicago White Sox,702273,Noah Schultz,1,0.7094498878888553,Regresion logistica,0.6,1.8,Baseline ingenuo (promedio trailing),1.8,2.6808369948772395,Regresion lineal,4.0,1.0,0.0,4.0,True
2026-07-27,824977,2026-07-27,Athletics,678022,Jack Perkins,1,0.5966107417933358,Regresion logistica,0.4285714285714285,3.0,Baseline ingenuo (promedio trailing),3.0,3.1398957966708365,Regresion lineal,3.571428571428572,1.0,0.0,0.0,True
2026-07-27,824977,2026-07-27,Boston Red Sox,801139,Payton Tolle,0,0.5962367045155236,Regresion logistica,0.7,0.6,Baseline ingenuo (promedio trailing),0.6,3.1176710483162497,Regresion lineal,2.0,0.0,1.0,1.0,True
2026-07-28,823193,2026-07-28,San Francisco Giants,694738,Landen Roupp,1,0.6933757332719641,Regresion logistica,0.8,1.5,Baseline ingenuo (promedio trailing),1.5,2.755991697518561,Regresion lineal,2.7,1.0,1.0,5.0,True
2026-07-28,823193,2026-07-28,Milwaukee Brewers,701656,Logan Henderson,0,0.7316006462271091,Regresion logistica,0.875,0.75,Baseline ingenuo (promedio trailing),0.75,2.019230178935776,Regresion lineal,1.375,1.0,0.0,0.0,True
2026-07-28,823275,2026-07-28,Colorado Rockies,547179,Michael Lorenzen,0,0.6563027820083237,Regresion logistica,0.5,1.7,Baseline ingenuo (promedio trailing),1.7,2.642404545045561,Regresion lineal,3.1,1.0,2.0,3.0,True
2026-07-28,823275,2026-07-28,San Diego Padres,650633,Michael King,1,0.7643767228669782,Regresion logistica,0.8,0.9,Baseline ingenuo (promedio trailing),0.9,2.032343856675922,Regresion lineal,1.7,1.0,4.0,4.0,True
2026-07-28,823598,2026-07-28,Atlanta Braves,519242,Chris Sale,0,0.6329824651619117,Regresion logistica,0.9,0.7,Baseline ingenuo (promedio trailing),0.7,2.7802342088223515,Regresion lineal,1.2,,,,False
2026-07-28,823598,2026-07-28,New York Mets,681035,Christian Scott,1,0.5878376451045237,Regresion logistica,0.9,1.5,Baseline ingenuo (promedio trailing),1.5,2.959780832626655,Regresion lineal,1.7,,,,False
2026-07-28,823676,2026-07-28,Kansas City Royals,607625,Seth Lugo,0,0.6544443066113168,Regresion logistica,0.4,1.7,Baseline ingenuo (promedio trailing),1.7,2.8019439602554512,Regresion lineal,3.4,1.0,0.0,1.0,True
2026-07-28,823676,2026-07-28,Minnesota Twins,671737,Taj Bradley,1,0.7417454126648592,Regresion logistica,0.6,1.5,Baseline ingenuo (promedio trailing),1.5,1.9602310934946727,Regresion lineal,2.1,1.0,0.0,0.0,True
2026-07-28,824569,2026-07-28,New York Yankees,543037,Gerrit Cole,0,0.6768079735966323,Regresion logistica,0.7,1.3,Baseline ingenuo (promedio trailing),1.3,2.3739103502236687,Regresion lineal,2.1,1.0,0.0,0.0,True
2026-07-28,824569,2026-07-28,Chicago White Sox,641743,Anthony Kay,1,0.7034377634399936,Regresion logistica,0.8,1.9,Baseline ingenuo (promedio trailing),1.9,2.643736187981078,Regresion lineal,3.1,1.0,3.0,3.0,True
2026-07-29,822947,2026-07-29,Tampa Bay Rays,668984,Casey Legumina,1,0.7471911197151146,Regresion logistica,0.6666666666666666,1.0,Baseline ingenuo (promedio trailing),1.0,1.7585404586335784,Regresion lineal,1.6666666666666667,1.0,0.0,0.0,True
2026-07-29,822947,2026-07-29,Texas Rangers,669022,MacKenzie Gore,0,0.5477236614868382,Regresion logistica,0.7,2.0,Baseline ingenuo (promedio trailing),2.0,2.36510013479176,Regresion lineal,3.4,0.0,3.0,3.0,True
2026-07-29,823677,2026-07-29,Minnesota Twins,657746,Joe Ryan,1,0.7405891094860696,Regresion logistica,0.7,1.8,Baseline ingenuo (promedio trailing),1.8,2.168343779393356,Regresion lineal,2.9,1.0,1.0,4.0,True
2026-07-29,823677,2026-07-29,Kansas City Royals,677976,Randy Dobnak,0,,,,,,,,,,1.0,0.0,0.0,True
2026-07-29,824487,2026-07-29,Cincinnati Reds,663903,Brady Singer,1,0.7802996457412348,Regresion logistica,0.7,1.5,Baseline ingenuo (promedio trailing),1.5,1.923917200360084,Regresion lineal,2.2,1.0,0.0,4.0,True
2026-07-29,824487,2026-07-29,Cleveland Guardians,676282,Joey Cantillo,0,0.701658755217793,Regresion logistica,0.8,1.8,Baseline ingenuo (promedio trailing),1.8,3.2582471802679818,Regresion lineal,2.5,1.0,0.0,0.0,True
2026-07-29,824567,2026-07-29,Chicago White Sox,663436,Davis Martin,1,0.7842399749427741,Regresion logistica,1.0,1.1,Baseline ingenuo (promedio trailing),1.1,2.556843686665935,Regresion lineal,2.7,0.0,4.0,4.0,True
2026-07-29,824567,2026-07-29,New York Yankees,693645,Cam Schlittler,0,0.7897546048750952,Regresion logistica,0.8,1.2,Baseline ingenuo (promedio trailing),1.2,1.978467998526957,Regresion lineal,2.2,1.0,0.0,0.0,True
2026-07-30,822946,2026-07-30,Tampa Bay Rays,663556,Shane McClanahan,1,0.7611578943744847,Regresion logistica,0.8,1.1,Baseline ingenuo (promedio trailing),1.1,2.4807721054148777,Regresion lineal,2.3,1.0,0.0,2.0,True
2026-07-30,822946,2026-07-30,Texas Rangers,668390,Cole Winn,0,,,,,,,,,,1.0,1.0,1.0,True
2026-07-30,823595,2026-07-30,New York Mets,690997,Nolan McLean,1,0.7851725159900383,Regresion logistica,0.8,1.2,Baseline ingenuo (promedio trailing),1.2,2.2463662073585966,Regresion lineal,1.8,1.0,0.0,1.0,True
2026-07-30,823595,2026-07-30,Miami Marlins,691587,Eury Pérez,0,0.7912077074370496,Regresion logistica,0.7,0.5,Baseline ingenuo (promedio trailing),0.5,1.8696182880769905,Regresion lineal,1.6,1.0,0.0,0.0,True
2026-07-30,823674,2026-07-30,Minnesota Twins,641927,Bailey Ober,1,0.7533272405587053,Regresion logistica,0.7,1.4,Baseline ingenuo (promedio trailing),1.4,2.1334323251416585,Regresion lineal,2.7,1.0,2.0,3.0,True
2026-07-30,823674,2026-07-30,Kansas City Royals,702070,Noah Cameron,0,0.7181286605263396,Regresion logistica,0.8,2.0,Baseline ingenuo (promedio trailing),2.0,2.448781429635152,Regresion lineal,3.7,1.0,0.0,0.0,True
2026-07-30,823921,2026-07-30,Seattle Mariners,693433,Bryan Woo,0,0.6155433795664255,Regresion logistica,0.9,1.8,Baseline ingenuo (promedio trailing),1.8,2.9996077878069687,Regresion lineal,2.9,0.0,2.0,5.0,True
2026-07-30,823921,2026-07-30,Los Angeles Dodgers,808963,Roki Sasaki,1,0.7118597216495629,Regresion logistica,0.7,1.8,Baseline ingenuo (promedio trailing),1.8,2.232012181446726,Regresion lineal,2.6,1.0,0.0,0.0,True
2026-07-30,824894,2026-07-30,Atlanta Braves,656550,Grant Holmes,1,0.629418968217868,Regresion logistica,0.8,1.1,Baseline ingenuo (promedio trailing),1.1,3.3838788044968746,Regresion lineal,2.4,1.0,2.0,3.0,True
2026-07-30,824894,2026-07-30,Washington Nationals,663623,Jake Irvin,0,0.5135468594808625,Regresion logistica,0.5,2.2,Baseline ingenuo (promedio trailing),2.2,3.1309194970106216,Regresion lineal,3.3,1.0,0.0,3.0,True
2026-07-30,824974,2026-07-30,Boston Red Sox,543243,Sonny Gray,0,0.5987861543427985,Regresion logistica,0.6,1.4,Baseline ingenuo (promedio trailing),1.4,3.126125366488642,Regresion lineal,1.6,1.0,1.0,3.0,True
2026-07-30,824974,2026-07-30,Athletics,686930,Mason Barnett,1,,,,,,,,,,1.0,0.0,3.0,True
2026-07-31,822782,2026-07-31,Toronto Blue Jays,656302,Dylan Cease,1,0.687803276892592,Regresion logistica,0.6,1.0853934670064846,Regresion lineal,0.7,2.031966762991092,Regresion lineal,1.9,1.0,0.0,1.0,True
2026-07-31,822782,2026-07-31,St. Louis Cardinals,681517,Kyle Leahy,0,0.6792188686710979,Regresion logistica,0.7,1.663945974055419,Regresion lineal,0.7,2.3763969045444964,Regresion lineal,1.4,1.0,0.0,0.0,True
2026-07-31,823111,2026-07-31,Seattle Mariners,682243,Bryce Miller,1,0.7693415107985618,Regresion logistica,0.8,1.0659794957598194,Regresion lineal,0.7,1.8939115094101395,Regresion lineal,1.6,1.0,2.0,2.0,True
2026-07-31,823111,2026-07-31,Minnesota Twins,805673,Zebby Matthews,0,0.6572409500956176,Regresion logistica,0.6,1.849447599399671,Regresion lineal,1.5,3.101384392225114,Regresion lineal,3.9,0.0,3.0,3.0,True
2026-07-31,823999,2026-07-31,Milwaukee Brewers,675660,Shane Drohan,0,0.702116428643516,Regresion logistica,0.8,1.73754796136213,Regresion lineal,1.6,2.710867627772117,Regresion lineal,2.2,1.0,0.0,2.0,True
2026-07-31,823999,2026-07-31,Los Angeles Angels,696270,Ryan Johnson,1,0.6796069917340161,Regresion logistica,0.625,1.9461878645979167,Regresion lineal,3.25,3.4487467574440425,Regresion lineal,4.0,1.0,1.0,6.0,True
2026-07-31,824164,2026-07-31,Texas Rangers,543135,Nathan Eovaldi,0,0.6469327836579694,Regresion logistica,0.8,1.7000984707791582,Regresion lineal,1.2,2.3940563679062303,Regresion lineal,2.2,1.0,3.0,6.0,True
2026-07-31,824164,2026-07-31,Houston Astros,686613,Hunter Brown,1,0.752206070816895,Regresion logistica,0.7777777777777778,1.3544633189884752,Regresion lineal,1.5555555555555556,2.171724892415284,Regresion lineal,2.333333333333333,1.0,0.0,0.0,True
2026-07-31,824486,2026-07-31,Cincinnati Reds,668881,Hunter Greene,1,0.5585784644879216,Regresion logistica,0.25,1.8515287026308973,Regresion lineal,1.25,2.389202668522589,Regresion lineal,2.5,0.0,3.0,4.0,True
2026-07-31,824486,2026-07-31,Pittsburgh Pirates,694973,Paul Skenes,0,0.7040209548126116,Regresion logistica,0.8,1.6909313601260525,Regresion lineal,2.0,2.53236637820912,Regresion lineal,2.8,0.0,3.0,5.0,True
2026-08-01,822944,2026-08-01,Tampa Bay Rays,656876,Drew Rasmussen,1,0.7719043880360914,Regresion logistica,0.8,1.034088570944895,Regresion lineal,1.3,1.777020457005252,Regresion lineal,2.0,1.0,0.0,0.0,True
2026-08-01,822944,2026-08-01,Chicago White Sox,663855,Jordan Hicks,0,,,,,,,,,,1.0,0.0,1.0,True
2026-08-01,823109,2026-08-01,Seattle Mariners,669302,Logan Gilbert,1,0.7336336509939476,Regresion logistica,0.6,0.982472000834325,Regresion lineal,1.0,1.8980600274333488,Regresion lineal,1.7,1.0,0.0,1.0,True
2026-08-01,823109,2026-08-01,Minnesota Twins,687570,Connor Prielipp,0,0.714094442913526,Regresion logistica,0.7,1.459898862805492,Regresion lineal,1.6,2.411949330157655,Regresion lineal,3.6,0.0,3.0,3.0,True
2026-08-01,823920,2026-08-01,Boston Red Sox,801139,Payton Tolle,0,0.7026786820364425,Regresion logistica,0.6,1.4519828949585567,Regresion lineal,0.7,2.289923124929856,Regresion lineal,1.9,1.0,2.0,2.0,True
2026-08-01,823920,2026-08-01,Los Angeles Dodgers,808967,Yoshinobu Yamamoto,1,0.7848236793402691,Regresion logistica,0.9,0.5802940028137672,Regresion lineal,0.3,1.1430549803318986,Regresion lineal,0.9,0.0,2.0,2.0,True
2026-08-01,824405,2026-08-01,Arizona Diamondbacks,684442,Kohl Drake,0,,,,,,,,,,0.0,2.0,2.0,True
2026-08-01,824405,2026-08-01,Cleveland Guardians,800048,Parker Messick,1,0.7599014382137181,Regresion logistica,0.8,1.2454502198686952,Regresion lineal,0.6,2.052384505879987,Regresion lineal,1.2,1.0,0.0,2.0,True
2026-08-01,824649,2026-08-01,New York Yankees,608331,Max Fried,0,0.7245442827381186,Regresion logistica,0.7,1.6851665510460072,Regresion lineal,1.6,3.176827341894287,Regresion lineal,2.2,0.0,1.0,1.0,True
2026-08-01,824649,2026-08-01,Chicago Cubs,656849,David Peterson,1,0.7223935038885805,Regresion logistica,0.5,1.768467975303171,Regresion lineal,2.2,3.243447379926092,Regresion lineal,4.3,1.0,0.0,1.0,True
2026-08-01,824808,2026-08-01,Philadelphia Phillies,650911,Cristopher Sánchez,0,0.7641307324194985,Regresion logistica,0.7,1.6688926597499103,Regresion lineal,1.5,2.82171032130731,Regresion lineal,2.7,1.0,0.0,0.0,True
2026-08-01,824808,2026-08-01,Baltimore Orioles,669358,Shane Baz,1,0.7584475995974466,Regresion logistica,0.6,1.275682241385243,Regresion lineal,1.7,2.355866045446995,Regresion lineal,2.5,1.0,0.0,1.0,True
2026-08-01,824890,2026-08-01,Washington Nationals,571945,Miles Mikolas,0,0.6010145166614752,Regresion logistica,0.6666666666666666,2.0616762141468734,Regresion lineal,3.2222222222222223,3.422708491401554,Regresion lineal,4.777777777777778,0.0,3.0,4.0,True
2026-08-01,824890,2026-08-01,Atlanta Braves,625643,Reynaldo López,1,0.6808266874936456,Regresion logistica,0.3,1.869593647393197,Regresion lineal,1.8,3.2290307443007085,Regresion lineal,2.4,1.0,0.0,0.0,True
2026-08-04,822865,2026-08-04,Texas Rangers,669022,MacKenzie Gore,1,0.7415871659212233,Regresion logistica,0.7,1.4039459273807104,Regresion lineal,2.0,2.0578933163548254,Regresion lineal,3.3,1.0,0.0,0.0,True
2026-08-04,822865,2026-08-04,San Francisco Giants,694918,Blade Tidwell,0,,,,,,,,,,0.0,2.0,2.0,True
2026-08-04,823432,2026-08-04,Philadelphia Phillies,666200,Jesús Luzardo,1,0.7818840299745113,Regresion logistica,1.0,1.5051661581510536,Regresion lineal,0.5,2.398784299179453,Regresion lineal,1.6,1.0,0.0,0.0,True
2026-08-04,823432,2026-08-04,Washington Nationals,687223,Carson Palmquist,0,0.5643267434549052,Regresion logistica,0.6,2.004363695544685,Regresion lineal,2.6,2.4545061257533143,Regresion lineal,3.6,0.0,4.0,4.0,True
2026-08-04,823517,2026-08-04,New York Yankees,677960,Ryan Weathers,1,0.7243864909297378,Regresion logistica,0.6,1.3065385849975166,Regresion lineal,2.2,2.5876946880034257,Regresion lineal,3.3,1.0,0.0,0.0,True
2026-08-04,823517,2026-08-04,St. Louis Cardinals,690928,Hunter Dobbins,0,0.6356423897302917,Regresion logistica,0.75,1.7709891001109606,Regresion lineal,1.0,2.609478238003191,Regresion lineal,2.5,1.0,1.0,2.0,True
2026-08-04,824084,2026-08-04,Minnesota Twins,657746,Joe Ryan,0,0.6958226209560385,Regresion logistica,0.7,1.862326995829244,Regresion lineal,1.9,2.803070499473684,Regresion lineal,3.3,0.0,2.0,5.0,True
2026-08-04,824084,2026-08-04,Kansas City Royals,677976,Randy Dobnak,1,0.7451187937143862,Regresion logistica,1.0,1.4020050805948765,Regresion lineal,0.3333333333333333,2.320977002990577,Regresion lineal,0.3333333333333333,1.0,0.0,1.0,True
2026-08-04,824403,2026-08-04,New York Mets,640455,Sean Manaea,0,0.7203576298333044,Regresion logistica,0.5555555555555556,1.052494436501821,Regresion lineal,1.4444444444444444,2.0486591517554253,Regresion lineal,2.6666666666666665,1.0,1.0,2.0,True
2026-08-04,824403,2026-08-04,Cleveland Guardians,676282,Joey Cantillo,1,0.7527071498936375,Regresion logistica,0.8,1.2272688194660717,Regresion lineal,1.6,2.036185818242383,Regresion lineal,2.1,1.0,4.0,5.0,True
2026-08-04,824645,2026-08-04,Chicago Cubs,665871,Javier Assad,1,0.7551597559283751,Regresion logistica,0.8888888888888888,1.5615265220401109,Regresion lineal,0.6666666666666666,2.782158510554956,Regresion lineal,2.0,1.0,1.0,1.0,True
2026-08-04,824645,2026-08-04,Los Angeles Dodgers,669373,Tarik Skubal,0,0.7348274564920617,Regresion logistica,0.6,1.4535455242659006,Regresion lineal,1.1,2.299133051552171,Regresion lineal,1.3,1.0,1.0,1.0,True
2026-08-05,822866,2026-08-05,Texas Rangers,674003,Cody Bradford,1,,,,,,,,,,1.0,0.0,0.0,True
2026-08-05,822866,2026-08-05,San Francisco Giants,687931,Carson Whisenhunt,0,0.4373120518433951,Regresion logistica,0.5,2.386608188027353,Regresion lineal,1.0,3.489842828446672,Regresion lineal,3.0,1.0,4.0,5.0,True
2026-08-05,824158,2026-08-05,Toronto Blue Jays,592791,Jameson Taillon,0,0.5416446470001506,Regresion logistica,0.6,2.131938813259356,Regresion lineal,2.3,3.3824094641154603,Regresion lineal,3.5,1.0,3.0,3.0,True
2026-08-05,824158,2026-08-05,Houston Astros,686613,Hunter Brown,1,0.6588823877284162,Regresion logistica,0.8,1.4446439309338244,Regresion lineal,1.4,2.275273955523846,Regresion lineal,2.1,1.0,0.0,0.0,True
2026-08-05,824322,2026-08-05,Tampa Bay Rays,607259,Nick Martinez,0,0.6855785162135667,Regresion logistica,0.7,1.846056762038372,Regresion lineal,1.3,2.893757384113975,Regresion lineal,1.9,1.0,0.0,0.0,True
2026-08-05,824322,2026-08-05,Colorado Rockies,608372,Tomoyuki Sugano,1,0.6760246174767058,Regresion logistica,0.5,1.8429302903312088,Regresion lineal,1.6,3.141419490843374,Regresion lineal,2.7,0.0,3.0,3.0,True
2026-08-07,823750,2026-08-07,Milwaukee Brewers,675660,Shane Drohan,1,0.7430574439466314,Regresion logistica,0.8,1.0289485805840886,Regresion lineal,1.4,1.892239290656105,Regresion lineal,2.2,1.0,2.0,6.0,True
2026-08-07,823750,2026-08-07,Minnesota Twins,805673,Zebby Matthews,0,0.5791563058026808,Regresion logistica,0.5,1.768793608620835,Regresion lineal,1.4,3.127172840541353,Regresion lineal,3.3,0.0,4.0,6.0,True
2026-08-07,824081,2026-08-07,Chicago Cubs,592332,Kevin Gausman,0,0.6361956454528731,Regresion logistica,0.6,2.016396727406624,Regresion lineal,2.1,3.471015899379571,Regresion lineal,3.6,0.0,1.0,2.0,True
2026-08-07,824081,2026-08-07,Kansas City Royals,663738,Daniel Lynch IV,1,,,,,,,,,,1.0,4.0,4.0,True
2026-08-07,824566,2026-08-07,Chicago White Sox,702273,Noah Schultz,1,0.7131291468122966,Regresion logistica,0.6,1.2395466816272378,Regresion lineal,1.8,2.1621253830464093,Regresion lineal,4.2,0.0,2.0,7.0,True
2026-08-07,824566,2026-08-07,Cleveland Guardians,800048,Parker Messick,0,0.7661813298633758,Regresion logistica,0.8,1.1934233114066557,Regresion lineal,0.6,1.6222332217365143,Regresion lineal,1.3,1.0,1.0,1.0,True
2026-08-07,824727,2026-08-07,Athletics,678022,Jack Perkins,0,0.6817417220803459,Regresion logistica,0.4444444444444444,1.934795224833984,Regresion lineal,2.555555555555556,2.741406816874341,Regresion lineal,3.2222222222222223,1.0,5.0,9.0,True
2026-08-07,824727,2026-08-07,Boston Red Sox,801139,Payton Tolle,1,0.6937672673986477,Regresion logistica,0.6,1.5144661636769834,Regresion lineal,0.9,2.392373116717006,Regresion lineal,2.1,1.0,0.0,1.0,True
2026-08-07,823426,2026-08-08,Toronto Blue Jays,453286,Max Scherzer,0,0.57117378460121,Regresion logistica,0.5,2.493938985429258,Regresion lineal,3.25,3.7422080311432095,Regresion lineal,4.0,1.0,0.0,0.0,True
2026-08-07,823426,2026-08-08,Philadelphia Phillies,554430,Zack Wheeler,1,0.759508291474494,Regresion logistica,0.9,1.2408238352894243,Regresion lineal,0.8,1.7064569263272165,Regresion lineal,1.3,0.0,2.0,2.0,True
2026-08-07,823426,2026-08-08,Philadelphia Phillies,605400,Aaron Nola,1,0.6232029660733174,Regresion logistica,0.5,1.6421012721206008,Regresion lineal,1.5,2.890006672981664,Regresion lineal,2.9,0.0,2.0,2.0,True
2026-08-07,823426,2026-08-08,Toronto Blue Jays,667755,José Soriano,0,0.6696637003154131,Regresion logistica,0.9,1.9196597771832389,Regresion lineal,1.9,3.093071660927807,Regresion lineal,2.1,1.0,0.0,0.0,True
2026-08-09,823268,2026-08-09,Houston Astros,664299,Cristian Javier,0,0.6845151190362486,Regresion logistica,0.8,1.8893603482186063,Regresion lineal,3.0,3.438167512734636,Regresion lineal,6.2,1.0,1.0,4.0,True
2026-08-09,823268,2026-08-09,San Diego Padres,681190,Randy Vásquez,1,0.755448158296498,Regresion logistica,0.5,1.3231824744862233,Regresion lineal,2.1,2.6564667378242146,Regresion lineal,3.3,1.0,2.0,2.0,True
2026-08-15,822775,2026-08-15,Toronto Blue Jays,680755,Braydon Fisher,1,0.8653662156760432,Regresion logistica,1.0,0.5694179779482365,Regresion lineal,0.2857142857142857,1.4720962263082076,Regresion lineal,0.8571428571428571,1.0,1.0,1.0,True
2026-08-15,822775,2026-08-15,New York Yankees,693645,Cam Schlittler,0,0.7567188315360928,Regresion logistica,0.7,1.1090649721122556,Regresion lineal,1.4,1.6285984711855708,Regresion lineal,2.2,1.0,1.0,1.0,True
2026-08-15,823184,2026-08-15,Colorado Rockies,547179,Michael Lorenzen,0,0.4199811632209609,Regresion logistica,0.3,1.7726509978426348,Regresion lineal,2.2,2.936355902511863,Regresion lineal,3.3,1.0,1.0,7.0,True
2026-08-15,823184,2026-08-15,San Francisco Giants,657277,Logan Webb,1,0.6355562323129169,Regresion logistica,0.7,1.390269735900186,Regresion lineal,1.5,2.613372918021012,Regresion lineal,2.7,1.0,1.0,1.0,True
2026-08-15,823347,2026-08-15,Boston Red Sox,543243,Sonny Gray,0,0.7097093105475302,Regresion logistica,0.9,1.6158600281010378,Regresion lineal,1.2,2.452126133054072,Regresion lineal,1.5,1.0,0.0,0.0,True
2026-08-15,823347,2026-08-15,Pittsburgh Pirates,683003,Jared Jones,1,0.7019434638903966,Regresion logistica,0.8,1.301386387273039,Regresion lineal,1.4,2.004579772167631,Regresion lineal,2.9,1.0,1.0,1.0,True
2026-08-15,823671,2026-08-15,Philadelphia Phillies,666200,Jesús Luzardo,0,0.8007986118450342,Regresion logistica,1.0,0.9470847258445524,Regresion lineal,0.2,1.987371538859791,Regresion lineal,1.4,1.0,0.0,0.0,True
2026-08-15,823671,2026-08-15,Minnesota Twins,687570,Connor Prielipp,1,0.7191036889398887,Regresion logistica,0.6,1.1582215182902529,Regresion lineal,1.6,2.3556013530032818,Regresion lineal,3.5,1.0,1.0,8.0,True
2026-08-15,823914,2026-08-15,Los Angeles Dodgers,680736,Justin Wrobleski,1,0.70087279788767,Regresion logistica,0.6,1.3611193356030735,Regresion lineal,1.5,2.4181408235966764,Regresion lineal,2.3,1.0,2.0,4.0,True
2026-08-15,823914,2026-08-15,Milwaukee Brewers,694819,Jacob Misiorowski,0,0.7490965333790193,Regresion logistica,0.8,1.1967353481317482,Regresion lineal,0.7,2.06387327478834,Regresion lineal,1.5,1.0,1.0,1.0,True
2026-08-16,822774,2026-08-16,Toronto Blue Jays,656302,Dylan Cease,1,0.7830094314253492,Regresion logistica,0.8,0.941649237288806,Regresion lineal,0.5,2.0201443937447103,Regresion lineal,1.5,1.0,1.0,1.0,True
2026-08-16,822774,2026-08-16,New York Yankees,677960,Ryan Weathers,0,0.7510818006926586,Regresion logistica,0.7,0.916365746463838,Regresion lineal,1.5,1.5276953435877123,Regresion lineal,2.1,1.0,0.0,1.0,True
2026-08-16,823344,2026-08-16,Boston Red Sox,663776,Patrick Sandoval,0,0.5436021127103748,Regresion logistica,1.0,2.0578873767920944,Regresion lineal,0.6666666666666666,3.3606011992719087,Regresion lineal,2.0,0.0,7.0,7.0,True
2026-08-16,823344,2026-08-16,Pittsburgh Pirates,669199,Lake Bachar,1,0.7170152421769125,Regresion logistica,0.75,1.269861769398847,Regresion lineal,0.75,1.0552094551455435,Regresion lineal,0.75,1.0,0.0,3.0,True
2026-08-16,823590,2026-08-16,Washington Nationals,663623,Jake Irvin,0,0.644338646977252,Regresion logistica,0.8,1.8993392479001696,Regresion lineal,1.5,2.536144368817484,Regresion lineal,3.0,1.0,0.0,4.0,True
2026-08-16,823590,2026-08-16,New York Mets,681035,Christian Scott,1,0.7299295455553204,Regresion logistica,0.8,1.6527998789128202,Regresion lineal,1.4,2.7637160829587244,Regresion lineal,2.1,1.0,2.0,2.0,True
2026-08-16,823912,2026-08-16,Los Angeles Dodgers,669373,Tarik Skubal,1,0.709502021836554,Regresion logistica,0.6,0.8216915923007703,Regresion lineal,1.0,1.156463557975837,Regresion lineal,1.2,1.0,1.0,2.0,True
2026-08-16,823912,2026-08-16,Milwaukee Brewers,701656,Logan Henderson,0,0.7484165096092653,Regresion logistica,0.9,1.3221397038649416,Regresion lineal,0.6,2.131518712008884,Regresion lineal,1.2,1.0,0.0,1.0,True
2026-08-16,824156,2026-08-16,Houston Astros,686613,Hunter Brown,1,0.7122642557251375,Regresion logistica,0.8,1.800061070651483,Regresion lineal,1.5,2.771685683469335,Regresion lineal,2.3,0.0,2.0,2.0,True
2026-08-16,824156,2026-08-16,Seattle Mariners,693433,Bryan Woo,0,0.6345534913405276,Regresion logistica,0.8,2.122949886559234,Regresion lineal,1.7,3.115721749020867,Regresion lineal,2.7,1.0,0.0,1.0,True
2026-08-16,824397,2026-08-16,San Diego Padres,663554,Casey Mize,0,0.745338892349741,Regresion logistica,1.0,1.4972896432088638,Regresion lineal,0.9,2.184290536840129,Regresion lineal,2.3,1.0,0.0,0.0,True
2026-08-16,824397,2026-08-16,Cleveland Guardians,676440,Tanner Bibee,1,0.7829252707761467,Regresion logistica,0.8,1.2293862298276823,Regresion lineal,1.5,2.263947303583468,Regresion lineal,2.1,1.0,2.0,3.0,True
2026-08-16,824477,2026-08-16,Cincinnati Reds,666157,Nick Lodolo,1,0.6304366528995607,Regresion logistica,0.8,1.7252478920803114,Regresion lineal,1.0,2.6735032535848173,Regresion lineal,1.9,1.0,0.0,0.0,True
2026-08-16,824477,2026-08-16,Miami Marlins,691587,Eury Pérez,0,0.7420936021990894,Regresion logistica,0.9,1.5865249593339443,Regresion lineal,0.7,2.1847135933904083,Regresion lineal,1.1,1.0,0.0,0.0,True
2026-08-16,824642,2026-08-16,Chicago Cubs,665795,Edward Cabrera,1,0.684958457159905,Regresion logistica,0.9,1.4264372176941869,Regresion lineal,1.5,1.9128150832911963,Regresion lineal,3.7,0.0,3.0,9.0,True
2026-08-16,824642,2026-08-16,St. Louis Cardinals,690928,Hunter Dobbins,0,0.6547643439612526,Regresion logistica,0.8333333333333334,1.696274618220332,Regresion lineal,1.1666666666666667,2.845327825114467,Regresion lineal,2.5,1.0,2.0,2.0,True
2026-08-16,824880,2026-08-16,Arizona Diamondbacks,647336,Michael Soroka,0,0.696097922070051,Regresion logistica,0.8,1.6603958214987786,Regresion lineal,1.1,2.5108425608727405,Regresion lineal,1.5,1.0,1.0,2.0,True
2026-08-16,824880,2026-08-16,Atlanta Braves,693821,Bryce Elder,1,0.639831026915277,Regresion logistica,0.7,2.047992128993996,Regresion lineal,2.9,3.375453617607933,Regresion lineal,3.7,1.0,0.0,1.0,True
2026-08-17,822939,2026-08-17,Tampa Bay Rays,663556,Shane McClanahan,1,0.7914050725169339,Regresion logistica,0.8,1.405846342466245,Regresion lineal,1.1,2.1455812075114564,Regresion lineal,2.5,1.0,1.0,6.0,True
2026-08-17,822939,2026-08-17,Baltimore Orioles,687064,Brandon Young,0,0.703239790205754,Regresion logistica,0.7,1.613500058080151,Regresion lineal,1.6,2.5811700232042267,Regresion lineal,1.9,1.0,1.0,4.0,True
2026-08-17,823427,2026-08-17,Philadelphia Phillies,650911,Cristopher Sánchez,1,0.7353039437980508,Regresion logistica,0.8,1.2357562927167276,Regresion lineal,1.4,1.9904099215761013,Regresion lineal,2.3,1.0,0.0,0.0,True
2026-08-17,823427,2026-08-17,Miami Marlins,676083,Janson Junk,0,0.672152878226346,Regresion logistica,0.8,1.8333106587401344,Regresion lineal,2.1,2.771502470853325,Regresion lineal,2.9,1.0,2.0,2.0,True
2026-08-17,824077,2026-08-17,Kansas City Royals,608379,Michael Wacha,1,0.7629810709142573,Regresion logistica,0.9,1.359251892261105,Regresion lineal,0.6,2.3111380422393304,Regresion lineal,2.1,0.0,1.0,4.0,True
2026-08-17,824077,2026-08-17,Athletics,686930,Mason Barnett,0,0.4203734978596519,Regresion logistica,0.3333333333333333,2.217166230466398,Regresion lineal,1.3333333333333333,3.0602981856101965,Regresion lineal,4.666666666666667,0.0,6.0,6.0,True
2026-08-17,824320,2026-08-17,Los Angeles Dodgers,605483,Blake Snell,0,,,,,,,,,,1.0,1.0,1.0,True
2026-08-17,824320,2026-08-17,Colorado Rockies,608372,Tomoyuki Sugano,1,0.640379037006138,Regresion logistica,0.4,1.7947272782441035,Regresion lineal,1.8,2.905809476585116,Regresion lineal,2.7,1.0,5.0,7.0,True
2026-08-17,824641,2026-08-17,Chicago White Sox,622491,Luis Castillo,0,0.511675727080123,Regresion logistica,0.6,1.8345969030632152,Regresion lineal,1.2,3.127580213600736,Regresion lineal,2.6,0.0,2.0,4.0,True
2026-08-17,824641,2026-08-17,Chicago Cubs,684007,Shota Imanaga,1,0.7292698886729253,Regresion logistica,0.7,1.5105755662444469,Regresion lineal,1.0,2.9645604561667893,Regresion lineal,1.6,1.0,0.0,3.0,True
2026-08-18,822938,2026-08-18,Tampa Bay Rays,607259,Nick Martinez,1,0.7506653675884865,Regresion logistica,0.8,1.0760546379347506,Regresion lineal,0.9,1.6180345129718172,Regresion lineal,1.4,0.0,4.0,8.0,True
2026-08-18,822938,2026-08-18,Toronto Blue Jays,667755,José Soriano,0,0.7639208038901992,Regresion logistica,1.0,1.6733653754132862,Regresion lineal,1.8,2.464933002188732,Regresion lineal,2.0,1.0,0.0,3.0,True
2026-08-18,823423,2026-08-18,Philadelphia Phillies,554430,Zack Wheeler,1,0.7735042559055206,Regresion logistica,0.9,1.3533775434938171,Regresion lineal,1.1,2.140295409076992,Regresion lineal,2.1,1.0,1.0,2.0,True
2026-08-18,823423,2026-08-18,Miami Marlins,806188,Cade Gibson,0,,,,,,,,,,0.0,1.0,1.0,True
2026-08-18,823749,2026-08-18,Seattle Mariners,682243,Bryce Miller,0,0.7067572436279849,Regresion logistica,0.7,1.4037845094150263,Regresion lineal,1.6,2.4221398064587305,Regresion lineal,2.7,0.0,1.0,6.0,True
2026-08-18,823749,2026-08-18,Milwaukee Brewers,690986,Kyle Harrison,1,0.7936085627208198,Regresion logistica,0.8,0.813045514229791,Regresion lineal,1.8,1.4326506819874294,Regresion lineal,2.5,1.0,0.0,0.0,True
2026-08-18,824154,2026-08-18,Houston Astros,664299,Cristian Javier,1,0.6153464507394599,Regresion logistica,0.8333333333333334,2.184215887902039,Regresion lineal,2.6666666666666665,3.470324904010932,Regresion lineal,5.833333333333333,1.0,1.0,3.0,True
2026-08-18,824154,2026-08-18,Los Angeles Angels,691946,George Klassen,0,0.5282153876260827,Regresion logistica,0.75,2.607203308689269,Regresion lineal,2.25,3.996540538987724,Regresion lineal,3.25,1.0,0.0,0.0,True
2026-08-18,824319,2026-08-18,Los Angeles Dodgers,641778,Eric Lauer,0,0.6644998211771367,Regresion logistica,0.6,1.6026962672452316,Regresion lineal,1.8,2.3598047405521165,Regresion lineal,2.4,0.0,3.0,4.0,True
2026-08-18,824319,2026-08-18,Colorado Rockies,663372,Ryan Feltner,1,0.6203959111850864,Regresion logistica,0.6,2.111422683828692,Regresion lineal,2.3,3.5248591207667115,Regresion lineal,3.1,0.0,3.0,6.0,True
2026-08-18,824398,2026-08-18,Cleveland Guardians,656492,Foster Griffin,1,0.8208288735951891,Regresion logistica,0.8,0.860429728328134,Regresion lineal,1.5,1.598563916633084,Regresion lineal,1.8,1.0,1.0,1.0,True
2026-08-18,824398,2026-08-18,San Francisco Giants,687931,Carson Whisenhunt,0,0.6764993753756372,Regresion logistica,0.6666666666666666,1.6752038398210507,Regresion lineal,1.5,2.620713693129776,Regresion lineal,3.0,0.0,5.0,7.0,True
2026-08-18,824639,2026-08-18,Chicago Cubs,592332,Kevin Gausman,1,0.667867867691237,Regresion logistica,0.5,1.9198381998325311,Regresion lineal,2.2,3.306328925399228,Regresion lineal,3.9,1.0,2.0,3.0,True
2026-08-18,824639,2026-08-18,Chicago White Sox,663542,Bryan Hudson,0,0.8448001702815096,Regresion logistica,0.8333333333333334,1.1395770735518154,Regresion lineal,0.5,2.712536312387243,Regresion lineal,2.333333333333333,0.0,2.0,2.0,True
2026-08-18,824723,2026-08-18,Arizona Diamondbacks,518876,Merrill Kelly,0,0.6664804224024962,Regresion logistica,0.8,1.5675924856256829,Regresion lineal,1.4,2.70951208432169,Regresion lineal,2.6,0.0,5.0,6.0,True
2026-08-18,824723,2026-08-18,Boston Red Sox,624133,Ranger Suarez,1,0.8135201577138668,Regresion logistica,0.8,1.429819206623676,Regresion lineal,1.2,2.522891191337127,Regresion lineal,2.2,1.0,4.0,4.0,True
2026-08-19,822937,2026-08-19,Toronto Blue Jays,453286,Max Scherzer,0,0.6507451894262393,Regresion logistica,0.5,1.8180203674971849,Regresion lineal,2.7,2.702399375275312,Regresion lineal,3.3,0.0,2.0,7.0,True
2026-08-19,822937,2026-08-19,Tampa Bay Rays,656876,Drew Rasmussen,1,0.7859836299692757,Regresion logistica,0.9,1.1054869512995935,Regresion lineal,1.1,1.456258681385196,Regresion lineal,1.6,1.0,0.0,5.0,True
2026-08-19,823424,2026-08-19,Philadelphia Phillies,605400,Aaron Nola,1,0.6562423840618924,Regresion logistica,0.5,1.528947316622966,Regresion lineal,1.5,2.744318388626746,Regresion lineal,2.6,1.0,0.0,0.0,True
2026-08-19,823424,2026-08-19,Miami Marlins,645261,Sandy Alcantara,0,0.6992738972023566,Regresion logistica,1.0,1.5256714834390903,Regresion lineal,0.8,2.3554464245236884,Regresion lineal,1.2,1.0,3.0,3.0,True
2026-08-19,823748,2026-08-19,Milwaukee Brewers,669160,Dustin May,1,0.7997432946689758,Regresion logistica,0.8,1.0352179149959244,Regresion lineal,1.7,1.920023567953006,Regresion lineal,2.3,0.0,7.0,7.0,True
2026-08-19,823748,2026-08-19,Seattle Mariners,669302,Logan Gilbert,0,0.7657383517776545,Regresion logistica,0.7,1.0233958584248426,Regresion lineal,0.9,1.7212653738682588,Regresion lineal,1.7,1.0,2.0,2.0,True
2026-08-19,824318,2026-08-19,Colorado Rockies,607536,Kyle Freeland,1,0.6638995539136254,Regresion logistica,0.6,1.7249583425054609,Regresion lineal,1.4,2.7962704565159084,Regresion lineal,2.6,1.0,1.0,4.0,True
2026-08-19,824318,2026-08-19,Los Angeles Dodgers,808963,Roki Sasaki,0,0.6421014894315129,Regresion logistica,0.8,2.106156782128783,Regresion lineal,1.5,3.3647964463374613,Regresion lineal,2.6,1.0,0.0,2.0,True
2026-08-19,824394,2026-08-19,San Francisco Giants,683363,Matt Wilkinson,0,,,,,,,,,,1.0,0.0,0.0,True
2026-08-19,824394,2026-08-19,Cleveland Guardians,800048,Parker Messick,1,0.8200209118066288,Regresion logistica,0.8,0.6775013386712433,Regresion lineal,0.5,1.3375006940726493,Regresion lineal,1.2,1.0,0.0,1.0,True
2026-08-19,824476,2026-08-19,St. Louis Cardinals,669461,Matthew Liberatore,0,0.6217422692134449,Regresion logistica,0.5,1.8990673706461827,Regresion lineal,2.2,2.937182757871016,Regresion lineal,3.5,1.0,0.0,0.0,True
2026-08-19,824476,2026-08-19,Cincinnati Reds,695505,Chase Burns,1,0.7766542101001617,Regresion logistica,0.9,1.061195498298836,Regresion lineal,1.2,1.8541412835492583,Regresion lineal,1.7,1.0,0.0,2.0,True
2026-08-20,822861,2026-08-20,Texas Rangers,594798,Jacob deGrom,1,0.6658587826761629,Regresion logistica,0.6,2.020804718329668,Regresion lineal,1.9,2.9931440329307994,Regresion lineal,3.2,1.0,0.0,0.0,True
2026-08-20,822861,2026-08-20,Washington Nationals,674841,Andrew Alvarez,0,0.6699841500635705,Regresion logistica,1.0,2.172718064271949,Regresion lineal,0.6,2.9803389820003714,Regresion lineal,1.6,1.0,1.0,1.0,True
2026-08-21,823420,2026-08-21,Philadelphia Phillies,666200,Jesús Luzardo,1,0.8154978850961307,Regresion logistica,1.0,0.8208199138582079,Regresion lineal,0.2,1.5753375568740524,Regresion lineal,1.4,0.0,2.0,2.0,True
2026-08-21,823420,2026-08-21,St. Louis Cardinals,690928,Hunter Dobbins,0,0.6978264353937879,Regresion logistica,0.8571428571428571,1.575337050857447,Regresion lineal,1.2857142857142858,2.7280494907208674,Regresion lineal,2.4285714285714284,1.0,3.0,3.0,True
2026-08-21,823510,2026-08-21,Toronto Blue Jays,689254,Mason Fluharty,0,0.875089881812889,Regresion logistica,0.6666666666666666,1.165350965956294,Regresion lineal,0.6666666666666666,1.3431375428951526,Regresion lineal,0.6666666666666666,1.0,2.0,3.0,True
2026-08-21,823510,2026-08-21,New York Yankees,693645,Cam Schlittler,1,0.817679224669863,Regresion logistica,0.7,1.0535857431779394,Regresion lineal,1.5,1.8006329008676312,Regresion lineal,2.3,1.0,0.0,1.0,True
2026-08-21,823746,2026-08-21,Atlanta Braves,519242,Chris Sale,0,0.8233686197879166,Regresion logistica,0.9,0.9428158043499848,Regresion lineal,0.5,1.3973055807258454,Regresion lineal,1.0,1.0,2.0,2.0,True
2026-08-21,823746,2026-08-21,Milwaukee Brewers,694819,Jacob Misiorowski,1,0.7589633963665997,Regresion logistica,0.8,0.78852253007005,Regresion lineal,0.8,1.4722997105861937,Regresion lineal,1.5,1.0,0.0,0.0,True
2026-08-21,823911,2026-08-21,Pittsburgh Pirates,696149,Bubba Chandler,0,0.7028369904450623,Regresion logistica,0.9,1.7460626934620955,Regresion lineal,0.9,2.7283674607350736,Regresion lineal,1.9,0.0,4.0,4.0,True
2026-08-21,823911,2026-08-21,Los Angeles Dodgers,808967,Yoshinobu Yamamoto,1,0.7548366192632647,Regresion logistica,0.9,1.1944795605312428,Regresion lineal,0.3,2.083066311109316,Regresion lineal,1.0,0.0,2.0,2.0,True
2026-08-21,824152,2026-08-21,Athletics,669372,J.T. Ginn,0,0.6049055764659577,Regresion logistica,0.8,2.2094960495279525,Regresion lineal,1.2,3.4053919275192546,Regresion lineal,2.5,1.0,0.0,3.0,True
2026-08-21,824152,2026-08-21,Houston Astros,669713,Hayden Wesneski,1,0.6680125902003873,Regresion logistica,0.75,2.055955215182688,Regresion lineal,1.75,3.337224089632537,Regresion lineal,3.0,1.0,0.0,0.0,True
2026-08-21,824721,2026-08-21,Boston Red Sox,543243,Sonny Gray,1,0.8211201701392806,Regresion logistica,1.0,1.077526027814246,Regresion lineal,1.0,2.0505533013718127,Regresion lineal,1.3,1.0,1.0,4.0,True
2026-08-21,824721,2026-08-21,San Francisco Giants,657277,Logan Webb,0,0.7455560139967442,Regresion logistica,0.7,1.2781529221370025,Regresion lineal,1.6,2.527979465210034,Regresion lineal,2.8,1.0,5.0,5.0,True
2026-08-22,823509,2026-08-22,Toronto Blue Jays,656302,Dylan Cease,0,0.7940850843491846,Regresion logistica,0.8,1.2569190155840206,Regresion lineal,0.6,2.0777200401109663,Regresion lineal,1.6,1.0,0.0,0.0,True
2026-08-22,823509,2026-08-22,New York Yankees,677960,Ryan Weathers,1,0.7940403282280786,Regresion logistica,0.7,0.8745493990914032,Regresion lineal,1.4,1.6450926730448012,Regresion lineal,2.1,0.0,1.0,3.0,True
2026-08-22,823743,2026-08-22,Atlanta Braves,527048,Martín Pérez,0,0.7427872114161529,Regresion logistica,0.7,1.649718517685416,Regresion lineal,1.4,2.649010634617352,Regresion lineal,2.0,1.0,3.0,4.0,True
2026-08-22,823743,2026-08-22,Milwaukee Brewers,701656,Logan Henderson,1,0.7272912320052904,Regresion logistica,0.9,1.271704924298409,Regresion lineal,0.6,2.2131651595519006,Regresion lineal,1.1,0.0,1.0,1.0,True
2026-08-22,823831,2026-08-22,Washington Nationals,663623,Jake Irvin,0,0.6520135994354824,Regresion logistica,0.8,1.6806455078125897,Regresion lineal,1.5,2.3531474710744607,Regresion lineal,3.2,0.0,3.0,4.0,True
2026-08-22,823831,2026-08-22,Miami Marlins,691587,Eury Pérez,1,0.8061812930718204,Regresion logistica,0.9,0.9612252400715788,Regresion lineal,0.7,1.744988045388379,Regresion lineal,1.0,1.0,0.0,2.0,True
2026-08-22,823910,2026-08-22,Los Angeles Dodgers,669373,Tarik Skubal,1,0.7735976630803894,Regresion logistica,0.7,0.8552499846139711,Regresion lineal,1.0,1.3173865153330004,Regresion lineal,1.2,0.0,3.0,3.0,True
2026-08-22,823910,2026-08-22,Pittsburgh Pirates,683003,Jared Jones,0,0.7103935935353457,Regresion logistica,0.8,1.6766171185461958,Regresion lineal,1.2,2.336881528983916,Regresion lineal,2.4,1.0,0.0,4.0,True
2026-08-22,824718,2026-08-22,Boston Red Sox,663776,Patrick Sandoval,1,0.7620575620039816,Regresion logistica,0.8571428571428571,1.2867520272692388,Regresion lineal,1.5714285714285714,2.305426628263416,Regresion lineal,2.7142857142857144,0.0,2.0,2.0,True
2026-08-22,824718,2026-08-22,San Francisco Giants,694918,Blade Tidwell,0,0.6717484338811046,Regresion logistica,0.3333333333333333,1.7653380432516963,Regresion lineal,2.333333333333333,2.763614349757262,Regresion lineal,3.0,1.0,0.0,0.0,True
2026-08-22,825044,2026-08-22,Arizona Diamondbacks,647336,Michael Soroka,1,0.8293652984963348,Regresion logistica,0.9,1.2685694716116145,Regresion lineal,1.1,1.954910119195986,Regresion lineal,1.6,0.0,3.0,7.0,True
2026-08-22,825044,2026-08-22,Cincinnati Reds,695076,Rhett Lowder,0,0.5969567617256112,Regresion logistica,0.7,2.1431844805013025,Regresion lineal,1.9,3.093004565070353,Regresion lineal,2.9,1.0,0.0,2.0,True
2026-08-25,824233,2026-08-25,Tampa Bay Rays,668984,Casey Legumina,0,0.8369317691641389,Regresion logistica,0.8,0.9958916672423772,Regresion lineal,0.8,1.4298097347856034,Regresion lineal,1.2,1.0,0.0,3.0,True
2026-08-25,824233,2026-08-25,Detroit Tigers,695549,Jackson Jobe,1,0.644987144704639,Regresion logistica,0.3333333333333333,1.3603791061016586,Regresion lineal,0.6666666666666666,2.241193301562769,Regresion lineal,2.333333333333333,1.0,0.0,1.0,True
2026-08-26,822772,2026-08-26,Kansas City Royals,677976,Randy Dobnak,0,0.7602878348390102,Regresion logistica,0.8571428571428571,1.198235162628369,Regresion lineal,0.5714285714285714,2.072720539724192,Regresion lineal,1.1428571428571428,1.0,0.0,3.0,True
2026-08-26,822772,2026-08-26,Toronto Blue Jays,693686,Spencer Miles,1,0.7524321304910603,Regresion logistica,1.0,1.709255936688073,Regresion lineal,3.25,2.3707786774685786,Regresion lineal,5.25,1.0,0.0,0.0,True
2026-08-26,823584,2026-08-26,New York Mets,476594,Robert Stock,1,0.6911379430593922,Regresion logistica,0.75,1.932168811330916,Regresion lineal,1.25,3.051735346861389,Regresion lineal,2.75,1.0,4.0,7.0,True
2026-08-26,823584,2026-08-26,Milwaukee Brewers,669160,Dustin May,0,0.6906286838520665,Regresion logistica,0.7,1.9562614605072084,Regresion lineal,2.4,2.785508598724652,Regresion lineal,3.0,1.0,0.0,1.0,True
2026-08-26,823825,2026-08-26,Boston Red Sox,543243,Sonny Gray,0,0.6982850498454196,Regresion logistica,1.0,1.3733286131078477,Regresion lineal,1.0,2.2139256907410747,Regresion lineal,1.6,0.0,2.0,2.0,True
2026-08-26,823825,2026-08-26,Miami Marlins,687473,Ryan Gusto,1,0.7610225997698822,Regresion logistica,0.8,1.3352143453742975,Regresion lineal,1.4,2.21344410573895,Regresion lineal,2.6,1.0,0.0,0.0,True
2026-08-30,824636,2026-08-30,Chicago Cubs,684007,Shota Imanaga,1,0.7059919326602104,Regresion logistica,0.6,1.506826823236445,Regresion lineal,0.9,2.538576711716377,Regresion lineal,1.7,1.0,0.0,6.0,True
2026-08-30,824636,2026-08-30,Cincinnati Reds,695505,Chase Burns,0,0.658484182107508,Regresion logistica,0.8,1.9252502052664493,Regresion lineal,1.6,3.114235723570089,Regresion lineal,2.3,0.0,2.0,3.0,True
2026-09-01,822687,2026-09-01,Washington Nationals,663623,Jake Irvin,1,0.6627743377754084,Regresion logistica,0.8,2.300123548359416,Regresion lineal,1.7,3.353866685343694,Gradient Boosting,3.3,1.0,2.0,2.0,True
2026-09-01,822687,2026-09-01,Atlanta Braves,700363,AJ Smith-Shawver,0,0.5357989091144729,Regresion logistica,1.0,2.7015863389299977,Regresion lineal,1.3333333333333333,3.995212787762708,Gradient Boosting,3.0,1.0,5.0,5.0,True
2026-09-01,822854,2026-09-01,Texas Rangers,669022,MacKenzie Gore,1,0.7617973271545371,Regresion logistica,0.7,1.5835622610987976,Regresion lineal,1.6,2.184613220781219,Gradient Boosting,2.9,1.0,1.0,1.0,True
2026-09-01,822854,2026-09-01,Athletics,669620,Brady Basso,0,0.7441719383647665,Regresion logistica,0.6666666666666666,2.1727317377174704,Regresion lineal,1.3333333333333333,3.2209847040744624,Gradient Boosting,2.0,0.0,2.0,5.0,True
2026-09-01,822929,2026-09-01,New York Mets,640455,Sean Manaea,0,0.6665659768927424,Regresion logistica,0.7,1.245896488312548,Regresion lineal,1.4,2.927307832774759,Gradient Boosting,2.2,0.0,2.0,2.0,True
2026-09-01,822929,2026-09-01,Tampa Bay Rays,642547,Freddy Peralta,1,0.6966944413357206,Regresion logistica,0.5,1.3268668518134532,Regresion lineal,2.4,2.432037996551116,Gradient Boosting,3.6,0.0,1.0,1.0,True
2026-09-01,823340,2026-09-01,San Francisco Giants,657277,Logan Webb,0,0.5973862492657195,Regresion logistica,0.7,2.1597530964890024,Regresion lineal,2.2,2.7524811886578133,Gradient Boosting,3.3,0.0,11.0,11.0,True
2026-09-01,823340,2026-09-01,Pittsburgh Pirates,694973,Paul Skenes,1,0.663527831017808,Regresion logistica,0.8,1.81810561579228,Regresion lineal,1.4,2.839360789442022,Gradient Boosting,2.9,1.0,5.0,5.0,True
2026-09-01,823908,2026-09-01,Los Angeles Dodgers,641778,Eric Lauer,1,0.7708352023471917,Regresion logistica,0.5,0.9968044518253084,Regresion lineal,2.0,1.6587690193394906,Gradient Boosting,2.7,1.0,7.0,10.0,True
2026-09-01,823908,2026-09-01,St. Louis Cardinals,700241,Michael McGreevy,0,0.6381729071299275,Regresion logistica,0.6,1.7111456398707108,Regresion lineal,2.2,2.7211286301284154,Gradient Boosting,3.0,1.0,3.0,4.0,True
2026-09-01,823984,2026-09-01,New York Yankees,543037,Gerrit Cole,0,0.7208070240753357,Regresion logistica,0.9,1.259911729680958,Regresion lineal,0.3,2.460838274574176,Gradient Boosting,1.1,1.0,1.0,1.0,True
2026-09-01,823984,2026-09-01,Los Angeles Angels,680570,Grayson Rodriguez,1,0.731217374271399,Regresion logistica,0.5,1.2130705977460128,Regresion lineal,2.6,2.3954090858210377,Gradient Boosting,3.8,0.0,4.0,4.0,True
2026-09-01,824391,2026-09-01,Cleveland Guardians,668909,Gavin Williams,1,0.7821109313115812,Regresion logistica,0.8,1.330137911199096,Regresion lineal,0.8,1.7435302656195963,Gradient Boosting,2.1,1.0,0.0,1.0,True
2026-09-01,824391,2026-09-01,Toronto Blue Jays,681293,Spencer Arrighetti,0,0.6190500641739763,Regresion logistica,0.6,2.0842472947004254,Regresion lineal,2.2,1.9114391097531416,Gradient Boosting,4.3,1.0,0.0,2.0,True
2026-09-01,824391,2026-09-01,Toronto Blue Jays,693686,Spencer Miles,0,0.709831314762541,Regresion logistica,1.0,1.915092172443608,Regresion lineal,2.6,1.8692655193126209,Gradient Boosting,4.2,1.0,0.0,2.0,True
2026-09-01,824716,2026-09-01,Seattle Mariners,693433,Bryan Woo,0,0.6890055156277847,Regresion logistica,0.7,1.4521088387442154,Regresion lineal,1.7,2.467546805339253,Gradient Boosting,2.7,0.0,1.0,1.0,True
2026-09-01,824716,2026-09-01,Boston Red Sox,699151,Jedixson Paez,1,,,,,,,,,,0.0,7.0,9.0,True
2026-09-01,825038,2026-09-01,Arizona Diamondbacks,593958,Eduardo Rodriguez,1,0.7440030735481364,Regresion logistica,0.7,1.3918326840481572,Regresion lineal,1.6,2.208986134719104,Gradient Boosting,2.0,0.0,2.0,3.0,True
2026-09-01,825038,2026-09-01,Philadelphia Phillies,666200,Jesús Luzardo,0,0.7564891312433281,Regresion logistica,0.9,1.726715460484946,Regresion lineal,0.3,2.9792316252598456,Gradient Boosting,1.0,1.0,0.0,1.0,True
2026-09-02,822931,2026-09-02,Tampa Bay Rays,643377,Griffin Jax,1,0.7937772405608476,Regresion logistica,0.7,0.7331400257819177,Regresion lineal,1.3,1.3656794292430914,Gradient Boosting,2.1,0.0,6.0,6.0,True
2026-09-02,822931,2026-09-02,New York Mets,663795,Justin Hagenman,0,,,,,,,,,,1.0,1.0,4.0,True
2026-09-02,823983,2026-09-02,Los Angeles Angels,672282,Reid Detmers,1,0.7835000117713227,Regresion logistica,0.8,1.117665033357113,Regresion lineal,0.9,1.7379891329118866,Gradient Boosting,1.7,1.0,0.0,1.0,True
2026-09-02,823983,2026-09-02,New York Yankees,693645,Cam Schlittler,0,0.7653411509849057,Regresion logistica,0.8,1.0775280242585488,Regresion lineal,0.9,2.0730585773593,Gradient Boosting,1.4,1.0,0.0,0.0,True
2026-09-02,824390,2026-09-02,Toronto Blue Jays,656302,Dylan Cease,0,0.7527324559595994,Regresion logistica,0.9,1.2370551880643657,Regresion lineal,0.5,2.042806731061213,Gradient Boosting,1.0,1.0,0.0,0.0,True
2026-09-02,824390,2026-09-02,Cleveland Guardians,676282,Joey Cantillo,1,0.8168841771185101,Regresion logistica,0.6,1.0118115441243891,Regresion lineal,2.0,2.589485124751085,Gradient Boosting,2.5,0.0,7.0,7.0,True
2026-09-02,824634,2026-09-02,Chicago Cubs,656849,David Peterson,1,0.6936323713655949,Regresion logistica,0.7,1.5183123139488504,Regresion lineal,1.2,2.6804596437217154,Gradient Boosting,2.8,0.0,3.0,6.0,True
2026-09-02,824634,2026-09-02,Milwaukee Brewers,694819,Jacob Misiorowski,0,0.71597068107459,Regresion logistica,0.8,1.7324762719525455,Regresion lineal,0.8,2.6669676805484746,Gradient Boosting,1.7,0.0,5.0,5.0,True
2026-09-03,823907,2026-09-03,Los Angeles Dodgers,669373,Tarik Skubal,1,0.8002161426940542,Regresion logistica,0.8,0.908251079820883,Regresion lineal,1.0,1.6220720829940551,Gradient Boosting,1.3,,,,False
2026-09-03,823907,2026-09-03,St. Louis Cardinals,687273,Quinn Mathews,0,0.5871842060959069,Regresion logistica,0.75,1.794452422670862,Regresion lineal,2.0,3.0858019704203694,Gradient Boosting,2.75,,,,False
2026-09-04,823338,2026-09-04,Pittsburgh Pirates,683003,Jared Jones,1,0.7406588930856656,Regresion logistica,0.9,1.4896570116704737,Regresion lineal,1.1,2.4515420075557643,Gradient Boosting,2.6,,,,False
2026-09-04,823338,2026-09-04,Los Angeles Angels,696270,Ryan Johnson,0,0.702144850833329,Regresion logistica,0.8,2.0928229940006045,Regresion lineal,1.8,3.988429928230292,Gradient Boosting,2.9,,,,False
2026-09-04,823418,2026-09-04,Atlanta Braves,519242,Chris Sale,0,0.7814728877662585,Regresion logistica,0.9,1.2636206075246883,Regresion lineal,0.7,2.3565231776715008,Gradient Boosting,1.0,,,,False
2026-09-04,823418,2026-09-04,Philadelphia Phillies,650911,Cristopher Sánchez,1,0.7845086769333707,Regresion logistica,0.8,1.290660456671131,Regresion lineal,1.0,2.077014221330711,Gradient Boosting,2.0,,,,False
2026-09-04,823579,2026-09-04,San Francisco Giants,683363,Matt Wilkinson,0,0.7266918172504165,Regresion logistica,1.0,1.6541446015929002,Regresion lineal,0.6666666666666666,2.114441936538507,Gradient Boosting,1.6666666666666667,,,,False
2026-09-04,823579,2026-09-04,New York Mets,690997,Nolan McLean,1,0.7968483553545683,Regresion logistica,0.6,0.9486871513093336,Regresion lineal,1.2,2.166423092567886,Gradient Boosting,1.8,,,,False
2026-09-04,823905,2026-09-04,Los Angeles Dodgers,605483,Blake Snell,1,0.7743560364494034,Regresion logistica,0.8,1.2091286555759213,Regresion lineal,1.4,2.092570151939253,Gradient Boosting,1.8,,,,False
2026-09-04,823905,2026-09-04,Washington Nationals,800600,Jackson Kent,0,0.5373495166232046,Regresion logistica,0.5,1.9372501852290256,Regresion lineal,1.75,4.067187899560332,Gradient Boosting,3.25,,,,False
2026-09-04,824471,2026-09-04,Milwaukee Brewers,675660,Shane Drohan,0,0.6973848952150505,Regresion logistica,0.9,2.149248075432237,Regresion lineal,1.3,2.712259323917867,Gradient Boosting,2.5,,,,False
2026-09-04,824471,2026-09-04,Cincinnati Reds,695076,Rhett Lowder,1,0.6453159517841753,Regresion logistica,0.7,1.9497797824293013,Regresion lineal,1.7,2.935846168993289,Gradient Boosting,2.9,,,,False
2026-09-08,823500,2026-09-08,Colorado Rockies,687312,Gabriel Hughes,0,0.666177307127566,Regresion logistica,0.5,1.6174828442306002,Regresion lineal,2.5,2.95890946857296,Regresion lineal,3.5,,,,False
2026-09-08,823500,2026-09-08,New York Yankees,693645,Cam Schlittler,1,0.8121646575999723,Regresion logistica,0.8,1.0496423128258194,Regresion lineal,0.9,2.1590224923520887,Regresion lineal,1.3,,,,False
2026-09-08,823738,2026-09-08,Milwaukee Brewers,694819,Jacob Misiorowski,1,0.8200374201554714,Regresion logistica,0.7,0.8790952928725919,Regresion lineal,1.3,1.6378419583592234,Regresion lineal,2.1,,,,False
2026-09-08,823738,2026-09-08,Chicago Cubs,656849,David Peterson,0,0.7021183571974194,Regresion logistica,0.7,1.3323854723201276,Regresion lineal,1.4,1.9394727634952509,Regresion lineal,3.2,,,,False
2026-09-08,824957,2026-09-08,Toronto Blue Jays,667755,José Soriano,0,0.7143044569737634,Regresion logistica,1.0,2.0936851388913125,Regresion lineal,1.3,3.0191549839212373,Regresion lineal,2.2,,,,False
2026-09-08,824957,2026-09-08,Athletics,678022,Jack Perkins,1,0.6838074165271573,Regresion logistica,0.6,2.1000769643800785,Regresion lineal,2.7,3.1915908061465794,Regresion lineal,4.1,,,,False
2026-09-08,823250,2026-09-08,Washington Nationals,683000,Riley Cornelio,0,,,,,,,,,,,,,False
2026-09-08,823250,2026-09-08,San Diego Padres,663554,Casey Mize,1,0.748413039329485,Regresion logistica,0.9,1.2629388682592733,Regresion lineal,1.7,2.3648004841459827,Regresion lineal,3.5,,,,False
2026-09-08,823092,2026-09-08,Texas Rangers,615698,Cal Quantrill,0,0.8082164384597258,Regresion logistica,0.8,0.906417278137761,Regresion lineal,1.2,1.9642499982468875,Regresion lineal,1.8,,,,False
2026-09-08,823092,2026-09-08,Seattle Mariners,682243,Bryce Miller,1,0.7674372165941095,Regresion logistica,0.7,1.0603056639505049,Regresion lineal,1.8,2.0730442834302885,Regresion lineal,3.5,,,,False
2026-09-08,823901,2026-09-08,Los Angeles Dodgers,669373,Tarik Skubal,1,0.8435978423103374,Regresion logistica,0.7,1.1287266572663226,Regresion lineal,1.1,2.1514337367501444,Regresion lineal,1.4,,,,False
2026-09-08,823901,2026-09-08,Cincinnati Reds,666157,Nick Lodolo,0,0.6312097339558793,Regresion logistica,0.7,1.7593803246778308,Regresion lineal,1.3,2.433938858498035,Regresion lineal,2.4,,,,False
